sex,age,juv_fel_count,juv_misd_count,priors_count,c_charge_degree,c_charge_desc,race,two_year_recid
0,30,0,0,4,0,74,0,0
1,37,3,0,12,1,363,0,0
1,39,0,0,0,0,10,1,0
1,31,0,0,1,1,116,0,0
1,55,0,0,1,0,267,1,0
1,53,0,0,1,1,35,1,0
1,27,0,0,11,0,292,0,1
1,26,0,0,5,0,267,1,1
0,21,0,0,0,1,35,0,0
0,35,0,0,4,0,10,0,0
1,23,0,0,0,0,56,0,0
1,38,0,0,7,1,35,0,0
1,21,1,0,1,0,49,0,1
1,21,0,0,0,1,35,0,1
1,43,1,0,20,0,118,0,0
1,39,0,0,5,0,56,1,0
1,50,0,0,1,0,363,1,0
1,31,0,0,0,1,267,0,0
1,24,0,0,0,0,105,0,1
1,21,0,0,3,0,158,0,1
1,28,0,0,0,0,327,1,0
0,28,0,0,0,0,118,1,0
0,21,0,0,0,0,158,1,0
1,22,0,1,1,0,206,0,0
1,35,0,0,1,1,35,0,0
0,49,0,0,1,0,146,0,0
1,26,0,0,2,0,5,0,0
1,52,0,0,8,0,363,1,0
1,43,0,0,0,1,316,1,0
1,24,0,0,1,0,99,1,0
0,20,0,0,0,0,223,1,1
1,22,0,0,1,0,206,0,1
1,27,0,0,0,0,5,0,0
1,49,0,0,0,1,35,0,1
1,42,0,0,2,0,267,1,1
1,33,0,0,8,1,23,0,1
1,27,0,0,1,1,125,0,0
0,42,0,0,4,1,35,1,1
1,24,0,0,0,0,158,1,0
1,26,0,0,2,0,1,1,1
0,39,0,0,1,0,363,0,0
1,25,0,0,0,1,88,1,0
1,24,0,3,12,1,35,0,0
0,31,0,0,2,0,55,1,1
1,44,0,0,1,1,35,1,0
1,31,0,0,2,1,88,1,0
1,28,0,0,2,1,122,1,0
1,23,0,0,0,0,56,0,1
1,47,0,0,1,1,35,1,0
0,25,0,0,2,1,342,1,1
1,67,0,0,2,1,285,1,1
0,30,0,0,3,0,255,1,1
1,24,0,1,2,0,55,0,1
1,24,0,0,0,1,117,0,1
1,34,0,0,0,1,35,1,0
1,25,0,0,5,0,363,0,1
1,24,0,0,0,0,206,0,0
1,26,0,0,6,1,316,0,0
1,58,0,0,2,0,287,1,0
1,25,0,0,5,0,118,1,1
1,37,0,0,8,1,35,0,0
1,28,0,0,4,0,158,0,0
1,49,0,0,0,0,267,1,1
1,21,0,0,1,0,363,1,0
0,42,0,0,1,0,146,0,0
1,22,0,1,1,0,158,1,1
1,37,0,0,3,0,236,0,0
1,22,0,0,0,1,239,0,0
1,26,0,0,4,0,101,1,1
0,24,0,0,1,1,35,0,1
1,22,0,0,0,1,288,0,0
1,36,0,0,6,0,79,0,0
1,39,0,0,1,0,308,1,0
0,20,0,0,0,0,56,0,1
1,30,0,0,1,1,239,0,0
1,53,0,0,1,1,88,0,0
1,50,0,0,4,0,118,0,1
1,61,0,0,0,1,35,1,0
1,54,0,0,1,1,363,0,0
1,23,0,0,0,0,103,0,0
1,31,0,0,2,0,118,0,1
0,28,0,0,0,1,35,0,0
0,49,0,0,8,0,363,1,0
1,44,3,0,16,1,117,1,0
1,26,0,0,0,1,35,1,0
1,31,0,0,15,0,146,0,0
1,22,1,0,2,0,31,0,1
1,67,0,0,0,1,35,1,0
1,44,0,0,14,0,146,0,1
1,22,0,0,1,1,24,0,1
1,33,0,0,1,1,35,0,1
1,48,0,0,0,0,142,0,0
1,33,0,0,2,1,87,1,0
0,32,0,0,1,0,319,1,0
1,54,0,0,2,1,35,0,0
1,45,0,0,10,0,5,0,1
1,33,0,0,6,0,206,0,0
1,28,0,0,4,0,363,1,0
1,38,0,0,0,0,51,0,0
1,22,0,0,2,1,35,1,1
1,28,0,0,10,0,267,0,1
1,24,0,1,9,1,201,0,1
1,37,0,0,0,1,316,0,0
1,26,0,0,9,0,115,0,1
0,22,0,0,0,1,35,0,1
1,67,0,0,0,1,35,1,0
1,51,0,0,0,0,52,1,0
1,37,0,0,0,1,35,1,0
0,23,0,0,4,1,35,1,1
1,34,0,0,0,1,88,1,1
1,26,0,0,0,1,201,0,1
1,26,1,0,3,0,143,0,1
1,49,0,0,4,0,13,1,0
1,54,0,0,3,0,363,0,1
1,56,0,0,9,1,363,0,0
1,29,0,1,16,0,267,0,0
1,31,3,0,15,1,35,0,1
1,25,0,0,2,0,363,1,0
1,27,0,0,1,0,94,1,0
1,61,0,0,0,1,117,1,0
1,32,0,0,0,1,204,1,1
1,31,0,0,0,0,154,1,1
0,27,0,1,10,0,363,0,1
1,44,0,0,0,1,35,0,0
0,33,0,0,0,1,196,1,0
1,55,0,0,0,0,42,1,0
1,48,0,0,6,0,363,0,0
1,29,0,0,9,0,363,0,1
1,35,0,0,1,0,267,1,0
1,21,0,0,0,0,106,0,1
1,43,0,0,5,1,363,0,0
1,35,0,0,12,1,35,0,1
1,25,0,0,7,1,332,1,1
1,20,0,1,1,0,226,1,1
1,45,0,0,0,0,27,1,0
1,32,0,0,0,1,358,0,0
1,39,0,0,4,0,147,0,0
1,25,0,0,2,0,323,0,0
1,29,0,0,0,0,158,1,0
1,30,0,0,0,1,35,0,0
0,23,0,0,0,0,49,0,0
1,23,0,0,0,1,35,1,0
0,21,0,0,0,1,279,0,0
1,28,0,0,2,1,35,1,0
1,25,0,3,6,1,358,0,0
1,21,0,0,0,0,56,0,1
1,30,0,0,4,1,35,0,0
1,23,0,0,3,1,35,0,1
1,33,0,0,6,1,35,0,0
1,47,0,0,3,1,121,0,1
0,49,0,0,25,0,147,0,1
1,30,0,0,4,0,259,1,1
1,40,0,0,2,1,35,0,0
1,37,1,0,12,1,113,0,1
1,37,1,8,23,0,105,0,1
1,34,0,0,13,0,158,1,1
1,44,0,0,1,1,35,1,0
1,33,0,0,2,0,296,0,1
1,27,0,2,17,0,118,0,1
1,48,0,0,5,0,267,0,1
0,31,0,0,1,0,267,1,1
1,53,0,0,2,0,126,1,0
0,49,0,0,2,1,117,1,1
1,46,0,0,10,0,363,1,1
0,57,0,0,2,0,267,1,0
1,51,0,0,0,1,201,0,0
1,40,0,0,5,0,191,1,0
1,24,0,0,1,0,118,0,0
1,46,0,0,1,1,35,1,1
1,22,0,0,1,0,320,0,1
1,27,0,0,7,1,292,0,1
0,43,0,0,9,1,35,0,0
1,30,0,0,7,0,94,1,1
1,44,0,0,1,1,284,0,0
1,37,0,0,2,0,363,0,0
0,31,0,0,2,0,17,0,1
1,46,0,0,0,1,35,1,0
1,44,0,0,2,0,363,0,0
1,45,0,0,8,0,363,0,1
1,28,0,1,10,0,363,0,1
0,28,0,0,1,0,363,1,0
1,59,0,0,3,0,363,0,0
0,30,0,0,2,0,158,0,0
0,27,0,0,1,0,363,1,1
1,30,2,0,8,0,363,0,0
1,41,0,0,0,0,363,0,0
0,20,0,2,3,1,35,1,1
1,46,0,0,0,0,206,0,1
0,41,0,0,7,0,266,0,1
0,24,0,0,0,0,158,0,0
1,40,0,0,21,0,141,0,0
1,31,0,0,1,0,41,1,0
1,35,0,0,1,0,266,1,0
1,33,0,0,2,1,35,0,0
1,47,0,0,4,0,267,0,0
0,50,0,0,7,1,76,1,1
1,24,0,0,6,0,105,0,1
1,59,0,0,0,0,251,1,0
1,31,0,0,2,1,35,1,1
1,21,0,0,2,0,158,0,1
1,24,0,4,14,0,154,0,1
1,27,0,0,0,0,158,1,1
0,24,0,0,3,1,203,0,1
1,26,0,0,6,0,266,0,1
0,53,0,0,1,1,35,1,0
1,30,0,0,0,1,239,0,1
1,27,0,0,1,1,239,0,0
0,47,0,0,28,0,144,1,1
0,24,0,0,2,1,343,0,0
1,22,0,0,0,0,27,0,1
1,41,0,0,14,0,247,1,1
1,35,0,0,1,0,132,0,0
1,45,0,0,3,1,357,0,0
0,60,0,0,9,0,363,1,1
0,35,0,0,1,0,363,0,0
0,55,0,0,0,1,35,1,0
1,62,0,0,0,1,23,1,0
1,28,0,0,4,1,35,0,1
1,43,0,0,4,1,357,0,1
1,47,0,0,28,0,70,1,1
1,28,0,0,5,0,158,0,0
0,28,1,0,1,1,35,0,1
1,58,0,0,2,1,35,1,1
1,22,0,2,3,0,266,1,1
1,31,1,1,12,1,288,0,1
1,23,0,0,0,0,206,0,0
1,29,0,0,6,0,267,0,1
1,28,0,0,5,1,35,1,1
1,24,0,0,0,1,116,1,1
1,22,0,0,0,1,204,1,1
1,49,0,0,0,0,158,1,0
0,35,2,0,9,0,363,0,0
1,20,0,0,0,0,158,0,0
1,24,0,0,1,0,267,0,1
1,52,0,0,7,1,35,1,0
1,44,0,0,0,1,355,0,0
0,36,0,0,3,0,267,1,0
1,27,0,0,15,0,17,0,1
1,50,0,0,1,1,35,1,0
1,30,0,0,7,1,23,0,1
0,33,0,0,3,1,35,0,0
1,34,0,0,4,0,103,0,1
1,22,0,0,3,0,267,1,1
1,23,0,0,4,0,210,0,1
1,39,0,0,0,1,35,1,0
1,30,0,0,1,0,41,0,1
1,28,0,0,0,0,73,1,0
1,30,0,0,10,0,363,0,1
1,44,0,0,3,0,267,1,0
1,22,0,0,1,0,56,0,1
1,23,0,0,1,1,288,1,1
1,29,0,0,3,1,239,0,0
1,36,0,0,2,1,35,1,0
1,30,0,0,4,1,35,0,1
0,26,0,0,6,0,363,0,1
1,25,0,0,0,1,113,1,1
1,36,0,0,0,0,158,0,0
1,25,0,0,7,0,363,0,0
0,48,0,0,0,0,320,0,1
0,33,0,0,0,1,239,1,1
1,49,0,0,4,1,35,0,0
1,56,0,0,3,0,42,1,0
1,24,0,0,3,0,247,0,1
1,31,0,0,6,1,35,1,1
1,55,0,0,0,1,87,1,0
1,52,0,0,2,0,158,1,1
1,51,0,0,0,1,355,0,1
1,27,0,0,0,0,118,1,1
1,35,0,0,3,1,23,0,1
1,23,0,0,1,0,158,0,1
1,24,0,0,2,0,328,0,1
0,26,0,0,0,1,117,1,0
1,21,0,0,2,0,158,1,1
1,21,1,0,1,0,363,0,1
1,23,0,0,0,0,206,0,0
1,48,0,0,2,0,138,0,0
1,28,0,0,2,1,35,1,1
1,31,0,0,8,1,35,0,1
0,47,0,0,19,0,267,0,1
1,22,0,0,1,1,35,1,0
1,36,0,0,1,0,363,1,0
1,23,0,0,2,1,35,0,1
1,25,0,0,0,1,201,0,1
1,38,0,0,9,0,158,0,1
1,63,0,0,2,1,355,0,0
0,28,0,0,1,1,158,1,0
1,51,0,0,0,1,87,1,0
1,25,0,0,1,1,316,0,0
1,35,0,1,17,1,35,0,1
0,44,0,0,0,0,320,0,0
1,29,0,0,0,1,288,0,0
1,51,0,0,0,1,35,0,0
1,52,0,0,17,0,267,0,1
1,29,0,0,0,1,239,1,0
1,57,0,0,0,1,35,0,0
1,41,0,0,1,0,303,1,0
0,39,0,0,0,1,113,1,0
1,41,0,0,0,0,2,1,0
1,27,0,0,2,0,158,1,0
1,30,0,0,7,0,363,0,1
1,20,0,0,1,0,236,0,0
0,51,0,0,0,1,171,1,1
0,34,0,0,0,0,223,1,1
0,39,0,0,0,1,35,1,0
1,29,0,0,2,1,35,0,0
1,38,0,0,15,0,115,0,0
1,55,0,0,1,1,88,1,0
1,41,0,0,1,0,158,0,0
1,31,0,0,11,0,136,1,1
1,42,0,0,0,1,35,1,0
0,67,0,0,0,0,11,0,0
1,35,0,0,3,1,35,1,1
1,66,0,0,2,1,355,1,0
0,59,0,0,0,1,35,0,0
1,41,0,0,1,1,363,0,0
1,29,0,0,4,1,35,0,0
1,22,0,0,2,0,267,0,1
0,24,0,0,1,1,87,1,0
1,30,0,0,3,1,35,0,0
1,27,0,2,13,0,363,0,1
1,26,0,0,0,0,266,1,0
1,30,0,0,3,1,35,0,1
1,45,1,0,16,0,267,0,0
1,20,0,0,1,0,56,0,1
1,26,0,0,0,1,35,1,0
1,22,0,0,1,0,363,0,0
0,22,0,0,0,1,35,1,0
0,40,0,0,3,0,267,1,1
1,24,0,1,4,0,267,0,1
1,31,2,1,16,0,158,0,1
1,28,0,0,1,0,363,0,0
1,51,0,0,17,1,86,0,0
1,22,0,0,0,0,158,0,0
1,29,0,1,13,0,223,0,1
0,26,0,0,0,0,267,1,0
1,21,0,0,0,0,41,0,0
1,46,0,0,0,1,116,1,0
0,30,0,0,0,0,158,1,1
1,28,0,0,0,0,236,0,0
1,37,0,0,6,0,64,0,0
1,52,0,0,6,1,35,0,1
1,33,0,0,5,0,118,1,1
1,21,0,0,0,0,158,1,1
1,24,0,0,0,0,206,1,0
1,33,0,0,3,0,363,1,0
1,39,0,0,0,0,17,1,0
1,46,1,0,9,0,158,0,1
1,22,0,0,0,0,206,0,0
1,35,0,0,3,1,355,1,0
1,37,0,0,11,0,118,1,1
1,67,0,0,0,0,79,1,0
0,22,0,0,0,1,35,0,1
1,32,0,0,4,1,316,0,1
1,28,0,0,3,1,363,0,1
0,26,0,0,1,1,35,0,0
1,34,0,0,0,0,158,0,0
1,46,0,0,0,0,174,1,0
1,33,0,0,0,1,35,1,0
1,25,1,0,2,0,267,0,0
0,49,0,0,1,0,363,1,0
1,46,0,0,0,0,158,1,0
1,22,0,0,1,0,99,0,1
1,20,0,0,0,0,64,1,0
0,39,0,0,1,0,363,0,0
0,58,0,0,3,1,363,0,0
1,44,0,0,4,1,35,1,0
0,35,0,0,4,0,143,1,0
1,31,0,0,3,1,35,1,0
1,63,0,0,1,0,363,0,0
1,28,0,0,0,0,75,0,1
1,61,0,0,25,0,56,0,0
0,20,0,0,0,1,35,0,1
0,55,0,0,0,0,158,1,1
0,24,0,0,2,0,152,0,0
0,34,0,0,1,1,35,1,0
1,37,0,0,3,1,35,0,0
1,45,0,0,3,0,320,1,1
0,35,0,0,1,1,35,1,0
1,33,0,0,9,0,147,1,1
0,25,0,0,0,1,35,1,0
1,51,0,0,1,1,239,0,1
1,37,0,0,0,1,88,1,0
1,21,0,0,0,0,349,0,0
0,55,0,0,0,1,88,1,0
0,30,0,0,0,1,35,0,0
0,30,0,0,0,1,35,0,0
1,25,0,0,0,1,117,1,1
1,51,0,0,0,0,267,0,1
1,21,0,0,1,0,158,0,1
1,21,0,0,0,0,158,0,1
1,41,0,0,0,1,23,0,0
1,28,0,0,0,1,35,1,0
0,22,0,1,2,1,35,0,1
1,41,0,0,8,0,118,0,1
1,42,0,0,14,0,115,0,1
0,31,0,0,10,0,118,0,0
1,25,0,0,8,1,35,0,1
1,47,0,0,3,0,363,1,0
1,20,0,0,0,0,103,0,0
1,23,0,0,2,0,293,0,0
0,65,0,0,1,0,167,1,0
1,51,0,0,8,1,67,0,0
1,29,0,1,2,1,35,0,1
1,37,0,0,11,1,35,0,1
1,47,0,0,1,0,41,0,0
1,29,0,0,1,1,35,0,1
1,39,0,0,2,1,117,0,0
1,21,0,2,3,0,174,0,1
1,27,0,0,0,1,35,0,0
1,27,0,0,1,0,363,1,1
1,26,0,0,3,0,74,0,1
1,27,0,0,10,0,118,0,1
1,23,0,1,2,0,17,0,1
1,32,0,0,14,0,154,0,1
1,20,0,0,0,1,35,0,1
1,50,0,0,0,0,62,1,0
1,34,0,0,8,1,35,0,0
1,20,0,0,0,0,158,1,0
0,27,0,0,3,0,158,0,1
1,44,0,0,8,1,35,0,1
1,21,0,0,1,0,267,0,1
0,29,0,0,3,0,267,0,0
1,39,0,0,0,1,355,1,0
1,58,0,0,1,1,35,1,0
1,35,0,0,16,0,363,0,1
1,22,0,0,0,1,112,1,0
1,38,0,0,0,0,251,1,0
1,27,0,0,3,0,363,0,0
0,24,0,0,4,0,267,0,1
1,26,0,0,1,0,154,1,1
1,36,0,0,2,1,87,0,0
1,22,0,1,3,1,35,1,1
1,29,0,0,12,0,118,0,1
0,51,0,0,0,1,41,1,0
1,23,0,0,2,0,158,1,1
1,30,0,1,3,0,321,1,0
1,26,0,0,5,0,363,0,1
0,38,0,0,14,0,267,0,1
0,29,0,0,3,0,363,1,0
1,66,0,0,0,1,35,1,1
1,54,0,0,8,0,267,0,1
1,26,0,0,2,0,10,1,1
1,26,0,0,1,1,201,1,0
1,21,0,0,1,0,158,0,0
1,36,0,0,2,1,117,1,0
0,61,0,0,15,0,147,1,0
1,29,0,0,8,1,316,0,0
1,36,0,0,5,0,267,1,1
0,50,0,0,4,0,5,0,0
1,29,0,0,1,1,35,1,0
1,35,0,0,6,0,363,0,1
1,39,0,0,1,0,363,0,0
0,44,0,0,0,0,158,1,1
1,44,0,0,0,0,7,0,0
1,49,0,0,0,0,146,1,0
1,49,0,0,1,1,363,0,0
0,24,0,1,3,1,35,1,1
1,25,0,0,5,1,35,0,1
1,22,0,0,0,0,282,0,0
1,30,0,1,4,1,205,1,1
1,54,0,0,0,0,2,1,0
1,57,0,0,1,0,363,0,0
0,24,0,0,1,0,363,1,0
0,36,0,0,0,1,87,0,0
1,37,0,0,2,1,87,1,0
1,28,0,0,1,1,35,1,0
1,33,0,0,0,1,35,0,0
1,34,0,0,0,0,13,1,0
0,54,0,0,0,1,87,1,0
1,23,0,0,0,0,56,1,0
1,52,0,0,3,1,288,0,1
1,22,0,0,0,0,206,1,0
1,20,0,0,0,0,56,0,0
1,57,0,0,2,1,363,0,0
1,47,0,0,0,1,35,1,1
1,42,0,0,2,0,103,1,1
1,34,1,0,10,0,251,0,1
1,38,0,0,2,1,35,1,0
1,23,0,0,0,1,35,0,0
1,57,0,0,0,0,5,1,0
1,25,0,0,0,0,142,0,1
1,35,0,0,4,1,35,1,0
1,25,0,0,3,0,267,0,1
1,22,0,0,0,1,35,1,0
1,26,0,0,1,0,105,0,0
1,53,0,0,13,0,230,0,0
1,23,0,1,2,0,56,0,0
0,21,0,0,0,1,35,0,1
1,56,0,0,0,1,39,1,0
1,46,0,0,5,0,37,1,1
1,21,0,0,1,0,194,0,1
1,46,0,0,2,1,363,0,0
1,45,0,0,1,1,112,1,0
1,60,0,0,2,0,267,0,0
1,34,1,0,5,0,143,0,0
1,49,0,0,0,0,267,0,0
1,34,0,0,1,1,35,1,0
1,36,0,0,5,1,355,1,1
1,22,0,0,0,0,142,0,0
1,27,0,1,7,1,35,1,1
0,35,0,0,3,1,35,0,1
1,44,0,0,7,0,363,0,0
1,25,0,0,2,0,267,1,1
0,21,0,0,0,0,353,0,0
1,30,0,0,0,0,142,0,0
1,25,0,1,6,0,73,1,1
0,23,0,0,0,0,267,1,0
0,52,0,0,2,0,267,0,1
1,37,0,0,2,1,35,0,1
0,34,0,0,5,0,259,1,1
1,26,0,0,1,0,363,1,1
0,37,0,0,0,1,279,0,0
1,31,0,0,6,1,88,1,0
1,29,0,0,3,0,363,0,1
0,37,0,0,3,0,287,0,0
1,27,0,0,0,0,158,1,0
1,22,0,0,0,0,75,0,1
1,40,0,0,13,0,363,0,0
1,62,0,0,0,0,132,1,0
0,29,0,0,1,1,35,0,0
1,24,0,0,1,1,35,0,0
0,30,0,0,3,0,167,0,0
1,24,1,0,2,1,279,0,1
1,55,0,0,0,0,158,0,0
1,26,1,0,2,0,266,1,0
1,25,0,0,1,0,158,0,1
1,45,0,0,0,0,274,0,1
1,51,0,0,0,0,75,0,1
1,35,0,0,2,0,266,0,0
1,39,0,0,9,0,267,1,1
1,22,0,0,0,0,158,0,0
1,25,0,1,9,0,52,1,1
1,27,1,2,11,0,105,0,0
1,42,0,0,0,0,272,1,0
1,27,0,0,4,1,35,0,0
1,50,0,0,5,0,118,1,1
1,42,0,0,0,1,117,1,0
1,26,0,0,2,0,56,0,0
1,35,0,0,2,0,64,1,0
1,30,0,0,0,0,158,1,0
0,23,0,0,1,1,35,1,0
1,53,0,0,1,0,363,1,0
0,29,0,0,2,0,287,0,1
0,21,0,1,2,0,103,0,0
1,47,0,0,0,1,35,0,1
0,24,0,2,7,1,17,1,0
0,26,0,0,1,0,2,1,0
1,21,0,0,0,0,14,0,1
1,19,0,0,0,0,287,0,1
1,25,0,0,5,0,363,0,1
1,29,0,0,0,0,158,0,0
1,22,0,0,0,1,344,0,1
1,35,0,0,1,0,212,0,0
1,24,0,0,1,1,76,1,0
1,27,0,0,5,1,239,0,1
1,40,0,0,2,0,363,0,0
1,26,0,0,2,0,363,1,1
1,36,0,0,11,0,267,0,1
1,26,0,0,5,0,154,0,1
1,69,0,0,0,1,87,1,0
1,31,0,0,13,1,239,0,1
1,22,0,0,0,1,35,0,0
0,24,0,0,0,0,158,0,0
0,21,0,0,0,0,158,0,1
1,48,0,0,3,0,158,1,1
1,24,0,0,1,1,35,1,0
1,33,0,0,0,1,288,0,0
1,21,0,0,2,0,267,0,1
1,21,0,0,0,0,56,0,0
1,49,0,0,0,0,158,1,0
1,37,0,0,1,1,35,1,0
1,22,0,0,5,1,35,1,1
1,30,0,0,5,1,35,0,0
1,32,0,0,5,0,267,1,1
1,61,0,0,0,1,35,1,0
0,69,0,0,5,0,364,1,0
1,31,2,0,6,0,142,0,0
1,33,0,0,0,1,35,0,1
1,41,0,0,0,0,142,1,0
0,51,0,0,5,1,35,1,1
1,23,0,0,4,0,225,1,1
1,21,0,1,1,0,25,0,1
1,30,0,0,0,1,35,1,0
1,20,0,0,2,0,277,0,1
1,37,0,0,26,0,118,0,1
1,23,0,1,2,0,363,1,1
1,25,0,0,1,0,13,1,0
1,27,0,0,2,0,363,0,1
1,32,0,0,4,0,363,0,1
1,26,0,0,1,0,223,1,1
1,43,0,0,0,0,353,0,1
1,34,0,0,9,0,206,0,1
1,23,0,0,5,0,132,0,1
1,29,0,0,13,0,118,0,1
1,29,0,0,1,0,275,1,1
1,30,0,0,0,1,88,1,0
1,28,0,0,6,1,363,0,1
1,56,0,0,24,0,147,0,0
1,37,2,0,18,1,35,0,0
1,44,0,0,0,1,266,1,0
1,50,0,0,0,1,35,1,1
0,27,0,0,0,0,57,1,0
1,23,0,1,4,0,363,0,1
1,23,0,0,0,1,357,1,1
1,29,0,0,6,0,271,1,1
1,51,0,0,0,1,35,1,0
1,32,0,0,0,1,201,0,0
1,28,0,0,11,0,191,0,1
1,37,0,0,10,0,174,0,1
1,46,0,0,6,0,118,1,1
1,35,0,0,1,0,267,1,1
1,20,0,0,0,1,23,0,1
1,34,0,0,0,0,158,1,0
0,67,0,0,0,1,88,1,0
1,23,0,0,0,0,103,0,0
1,24,0,0,2,1,363,0,1
1,24,0,5,15,0,105,0,1
1,30,0,0,9,1,204,1,1
1,30,0,2,21,0,363,0,1
0,31,0,0,0,1,35,1,0
1,34,0,0,1,0,282,0,0
0,23,0,0,5,0,363,1,1
0,23,0,0,0,0,118,0,1
1,41,0,0,5,0,146,1,0
0,27,0,0,0,1,35,1,1
0,27,0,0,0,0,364,1,0
0,32,0,0,0,1,35,0,1
1,28,0,0,0,0,260,1,0
1,35,0,0,6,0,42,1,1
1,23,0,0,0,0,260,1,0
1,24,0,2,3,0,118,1,1
1,26,0,2,20,0,154,0,1
1,79,0,0,1,1,112,1,0
0,31,0,0,0,1,35,0,0
1,33,0,0,10,0,158,1,0
1,21,0,1,3,1,35,0,1
0,39,0,0,1,0,274,1,0
1,55,0,0,21,0,143,0,1
1,38,0,0,3,0,142,0,1
0,23,0,0,0,1,35,0,0
1,27,0,0,7,0,118,0,1
1,27,0,0,1,0,363,0,0
1,58,0,0,24,0,147,0,1
0,36,0,0,1,0,158,0,0
1,26,0,0,4,0,236,0,1
1,23,1,0,2,0,105,0,0
1,57,0,0,3,0,11,0,0
0,33,0,0,3,0,259,1,1
1,41,0,0,1,1,182,1,1
1,24,0,0,2,0,73,0,0
1,33,0,0,3,0,218,1,1
1,46,0,0,2,0,158,0,0
1,22,0,0,1,0,158,1,0
1,45,0,0,2,0,363,1,0
1,42,0,0,3,0,267,0,0
1,31,0,0,0,0,100,1,0
1,51,0,0,1,1,35,1,1
0,31,0,0,1,1,35,1,1
1,61,0,0,0,1,87,1,0
1,34,0,0,15,0,363,0,0
1,32,2,0,15,0,118,0,1
1,40,0,0,0,1,117,1,0
1,50,0,0,1,1,281,1,1
0,35,0,0,0,1,35,0,0
1,24,0,0,17,0,363,0,1
1,28,0,0,0,0,56,1,1
1,33,0,0,1,0,2,0,1
1,31,0,0,7,0,158,0,1
0,39,0,0,1,0,363,1,0
0,25,0,0,0,1,35,0,0
1,25,0,0,4,0,146,0,1
1,31,0,0,2,0,267,1,1
1,45,0,0,1,1,35,0,0
1,28,0,0,9,0,63,0,1
1,34,0,0,12,0,338,0,0
1,33,0,0,1,0,363,1,1
1,20,1,0,1,0,236,0,1
1,69,0,0,0,1,89,1,1
1,21,0,1,1,0,49,1,0
1,26,1,1,6,0,292,0,1
1,47,0,0,14,1,35,0,0
1,20,0,0,1,0,363,0,1
0,36,0,0,0,1,363,0,0
1,30,0,0,21,0,118,0,1
1,20,0,0,0,0,174,1,1
1,30,3,0,4,0,5,1,1
0,46,0,0,0,1,88,1,0
1,34,0,0,7,0,266,0,1
1,44,0,0,2,0,147,1,1
1,20,0,0,0,0,154,0,0
1,30,0,0,0,0,142,1,0
1,26,0,0,0,1,116,1,1
1,23,0,3,6,0,49,0,1
1,34,0,0,3,0,267,0,1
1,22,0,0,1,0,363,1,0
1,22,0,1,1,0,136,0,1
0,34,0,0,5,0,2,0,1
1,50,0,0,2,1,113,0,0
1,58,0,0,0,1,356,1,0
1,34,0,0,0,0,267,0,1
1,24,0,0,3,1,35,1,1
1,27,0,0,1,0,266,1,0
0,52,0,0,0,0,13,0,0
1,27,0,0,1,0,73,0,0
1,21,0,0,1,0,267,0,0
1,49,0,0,8,0,145,1,1
1,24,0,0,0,1,35,0,1
1,25,0,0,0,0,213,0,1
1,34,0,0,4,0,206,1,0
1,24,0,0,5,0,146,0,1
1,28,0,0,2,1,288,0,0
1,28,0,0,2,0,17,0,1
1,26,0,0,0,1,343,0,1
1,32,0,0,6,0,158,0,1
1,48,0,0,11,1,288,0,1
0,33,0,0,4,1,35,1,1
1,52,1,0,9,1,35,0,1
1,27,0,0,4,0,223,0,1
1,26,0,0,4,0,150,0,1
1,25,0,1,2,0,11,0,1
1,43,0,0,0,0,103,0,0
1,22,0,0,0,0,158,0,1
1,67,0,0,0,1,35,1,0
1,26,0,1,13,1,116,0,1
1,30,0,0,0,0,260,1,0
0,33,0,0,2,0,75,1,1
1,22,0,0,0,0,266,0,1
0,36,0,0,7,0,75,0,1
1,67,0,0,0,1,89,1,0
1,20,0,3,3,0,267,0,1
1,37,0,0,0,1,35,0,0
1,58,0,0,0,0,142,0,0
1,25,0,0,0,0,97,0,0
0,26,0,0,2,0,158,1,1
0,25,0,0,1,0,191,0,0
1,30,0,0,12,0,118,0,1
1,56,0,0,1,0,270,1,0
1,34,0,0,2,1,35,0,1
1,27,0,0,8,0,142,0,1
0,36,0,0,4,0,363,0,0
1,34,0,0,3,0,146,0,0
0,59,0,0,0,1,117,1,0
0,25,0,0,2,0,363,1,1
1,56,0,0,12,0,267,0,1
1,30,0,0,10,0,363,0,1
1,39,1,0,1,1,364,1,0
1,24,0,0,2,1,35,0,0
1,22,0,0,1,0,158,0,1
1,21,0,0,5,0,223,1,1
1,30,0,0,3,1,35,1,0
0,34,0,0,14,0,73,0,0
1,59,0,0,15,1,363,0,1
1,31,0,1,6,1,35,0,1
1,26,0,0,1,0,146,0,0
1,33,0,0,5,1,316,0,1
1,21,0,1,1,0,62,0,0
1,29,0,0,0,1,92,0,0
1,26,0,0,0,1,154,1,0
1,28,0,0,0,1,183,0,0
1,27,0,0,5,0,158,1,0
1,26,0,0,4,0,13,0,1
1,27,0,0,1,0,247,0,1
0,22,0,0,0,1,239,0,1
1,37,0,0,0,1,316,1,0
0,38,0,0,3,0,118,0,1
1,20,0,0,0,0,5,0,1
1,50,0,0,4,1,113,1,0
1,39,0,0,1,0,187,1,0
1,26,0,0,7,0,236,0,1
1,43,0,0,0,0,68,0,1
1,40,0,0,0,0,314,0,0
0,33,0,0,2,0,154,0,1
1,26,0,0,2,0,154,0,1
1,19,0,0,0,1,35,1,1
1,43,0,0,0,1,117,0,0
1,42,0,0,17,0,267,0,1
1,34,0,1,27,1,35,0,0
0,26,0,0,1,0,158,0,1
1,26,0,0,0,0,351,0,0
1,61,0,0,5,0,267,0,0
1,23,0,2,3,0,184,1,1
1,37,0,0,0,1,239,1,0
0,22,0,0,0,1,112,1,0
1,30,0,0,0,1,84,1,0
1,44,0,0,3,0,158,1,0
0,49,0,0,0,0,99,1,0
1,40,0,0,0,1,35,0,0
1,37,0,0,2,0,174,1,0
1,38,0,0,19,0,363,0,1
1,31,0,0,4,0,143,1,1
1,45,0,0,21,0,158,1,1
0,40,0,0,2,1,316,0,0
1,25,0,0,2,0,363,0,0
1,34,0,0,12,0,223,0,1
1,50,0,0,10,0,150,1,0
0,49,0,0,2,0,154,1,0
1,35,0,0,7,0,146,0,1
1,58,0,0,2,0,41,1,0
0,24,0,0,2,0,158,0,1
1,34,0,0,5,0,275,0,1
1,68,0,0,2,0,320,0,0
1,25,0,0,1,1,35,0,0
0,27,0,0,1,0,363,0,0
1,29,0,0,4,0,363,0,1
1,40,0,0,4,0,158,1,1
1,31,0,0,0,1,35,1,1
1,21,0,0,0,0,55,0,1
1,21,0,0,0,0,267,0,0
1,35,0,0,10,0,363,0,1
1,45,0,0,2,0,176,1,0
1,24,0,0,2,0,287,0,1
1,24,0,0,5,0,363,1,1
1,49,0,0,1,1,35,1,0
1,54,0,0,12,1,35,0,1
1,28,0,0,0,0,158,1,1
0,54,0,0,1,1,204,1,0
1,36,0,0,0,1,35,0,1
1,24,0,0,0,1,35,0,0
1,25,0,0,0,0,73,0,0
1,30,0,0,3,0,74,1,1
1,34,0,2,19,0,136,0,1
1,22,0,0,0,0,236,1,0
1,29,0,0,1,0,267,1,0
0,36,2,0,4,1,35,0,1
1,23,0,0,0,0,158,0,1
1,24,0,0,0,1,117,0,0
1,44,0,0,0,1,316,1,0
1,50,0,0,2,0,363,1,1
1,22,0,0,1,1,35,0,1
1,35,0,0,22,0,236,0,1
1,32,0,0,3,0,363,0,1
1,36,0,0,1,0,251,1,1
1,21,0,0,0,0,206,0,1
1,30,0,0,9,0,231,0,1
1,56,0,0,0,0,192,0,0
1,21,0,0,0,0,353,1,1
1,29,0,0,0,0,353,1,0
0,35,0,0,2,0,6,0,0
1,26,0,0,0,0,17,1,0
1,28,0,0,4,1,35,0,1
1,29,0,0,6,0,118,0,1
1,26,0,0,9,0,105,0,1
1,29,0,0,0,0,118,0,0
1,23,0,0,2,0,158,0,1
1,38,0,0,17,1,35,0,1
1,29,4,1,10,0,49,1,1
0,25,0,0,5,1,357,0,1
1,22,0,0,2,1,239,1,1
0,23,0,0,0,1,35,0,0
1,20,1,0,1,0,363,0,1
1,25,0,0,1,0,363,0,1
1,23,0,0,2,0,49,0,1
0,22,0,0,0,0,292,0,0
1,29,0,0,2,0,167,0,0
1,56,0,0,4,0,230,0,0
1,49,0,0,1,0,287,1,0
1,26,0,0,1,0,63,0,0
0,24,0,0,1,0,54,1,0
1,47,0,0,9,0,143,0,0
1,33,0,0,18,0,158,0,1
1,57,0,0,11,0,267,0,0
1,37,0,0,0,1,35,1,0
1,22,0,0,2,0,267,1,1
1,25,0,0,0,1,35,0,1
0,50,0,0,30,1,363,1,1
1,23,0,0,1,1,363,0,1
1,50,0,0,8,0,91,1,0
1,29,0,0,1,1,35,0,0
1,27,0,0,2,0,364,0,0
0,28,0,0,1,1,35,1,0
1,22,0,0,0,0,10,0,1
0,42,3,0,17,0,267,0,1
0,32,0,0,1,1,35,1,1
1,23,0,0,3,0,142,0,1
1,46,0,0,1,1,35,0,1
1,21,0,0,1,0,282,0,0
1,30,0,0,1,1,35,0,0
1,39,0,0,1,0,236,1,0
1,36,0,0,0,0,158,1,1
1,43,0,0,1,0,294,0,0
1,35,0,0,7,0,363,0,0
1,21,0,0,1,0,266,1,0
1,22,0,0,0,0,142,0,0
1,52,0,0,0,1,35,0,1
1,38,0,0,1,0,363,0,1
0,43,0,0,0,0,17,1,0
1,29,0,0,7,1,204,0,1
1,45,0,0,1,1,117,1,1
1,21,0,2,8,0,363,0,1
1,38,0,0,0,0,320,0,0
1,32,0,3,7,0,363,0,0
1,53,0,0,1,1,35,1,0
1,55,0,0,0,0,118,1,0
0,36,0,0,2,1,358,0,0
0,24,0,0,0,0,287,0,0
0,58,0,0,4,0,208,0,1
1,43,0,0,1,0,267,1,0
1,77,0,0,1,1,88,1,0
1,26,0,0,1,1,357,0,1
1,23,0,0,2,1,75,0,1
0,52,0,0,6,0,363,1,0
0,33,0,0,0,1,316,1,0
0,38,0,0,0,1,35,1,0
1,47,0,0,0,1,35,1,0
1,39,0,0,0,0,228,0,1
1,26,0,0,0,1,239,0,1
1,28,0,0,9,0,236,0,1
1,26,0,0,0,0,158,0,0
1,22,0,0,1,0,363,0,1
1,27,0,0,2,0,306,0,1
1,32,0,0,1,0,146,0,0
1,29,0,0,0,0,260,0,0
1,43,0,0,4,1,35,1,0
1,20,0,1,4,0,363,0,1
1,32,0,0,1,1,35,0,0
1,26,0,0,0,1,204,0,0
1,50,0,0,2,1,291,0,1
1,41,0,0,3,0,146,0,1
1,41,0,0,14,0,267,0,1
1,52,0,0,6,0,158,1,1
1,21,0,0,0,0,335,1,0
1,24,0,0,1,0,251,1,0
1,30,0,0,1,1,35,0,1
1,23,0,0,0,1,35,0,0
0,36,0,0,4,1,35,1,1
1,25,0,0,1,0,208,0,1
1,36,0,0,15,0,363,0,0
1,24,0,0,1,1,35,1,1
1,27,0,0,0,1,316,1,1
0,30,0,0,4,0,363,1,0
0,40,0,0,0,0,157,0,0
1,31,0,0,9,0,52,1,1
1,37,0,0,3,1,35,0,0
1,77,0,0,0,1,84,0,0
1,49,0,0,3,0,267,0,0
1,28,0,0,3,1,62,0,0
1,56,0,0,4,0,267,1,0
1,20,0,0,0,0,158,1,1
0,24,0,0,0,1,35,1,0
0,20,0,0,0,0,158,0,0
1,28,0,0,2,0,319,1,1
0,21,0,1,1,0,353,0,1
0,35,0,0,13,0,11,0,0
1,44,0,0,0,0,148,0,0
1,57,0,0,14,0,363,1,1
1,51,0,0,8,0,267,1,1
0,33,0,0,0,1,35,0,0
1,31,0,0,0,1,35,0,0
1,37,0,0,7,0,320,0,0
1,26,0,0,0,1,35,1,0
0,22,0,0,0,1,173,1,0
1,37,0,0,0,0,236,1,0
1,24,5,0,5,0,49,0,1
1,28,0,0,1,0,268,0,0
1,54,0,0,0,1,205,0,0
1,26,0,0,5,0,323,1,1
0,28,0,0,10,1,201,0,1
1,29,0,0,5,0,247,0,0
1,29,0,0,1,0,132,1,0
0,21,0,0,1,0,158,0,0
1,42,0,0,1,1,363,0,0
1,31,0,0,7,0,231,0,1
0,60,0,0,0,0,41,1,1
1,22,0,0,0,0,2,1,0
1,31,0,1,10,0,118,0,1
1,22,0,0,0,1,316,0,1
1,19,0,0,3,0,50,0,1
1,26,0,0,8,0,236,0,1
1,23,0,0,1,0,158,0,1
1,30,0,0,1,1,363,1,1
1,23,0,0,0,1,35,0,0
0,31,0,0,0,0,2,0,0
0,24,0,0,6,0,212,1,1
1,36,0,0,0,0,132,1,0
0,54,0,0,1,1,117,1,0
1,28,0,0,1,0,236,0,1
1,49,0,0,4,0,267,0,0
1,24,0,0,2,0,134,1,1
1,66,0,0,0,1,35,1,0
1,24,0,0,3,0,206,0,0
1,22,0,0,0,0,56,0,0
0,48,0,0,8,1,143,1,1
1,34,0,0,16,0,142,1,1
1,20,0,0,0,0,20,1,1
0,32,0,0,3,1,41,0,0
0,34,0,0,1,0,191,0,1
1,46,0,0,0,0,267,1,0
1,30,0,0,1,0,55,0,1
1,34,0,0,6,0,363,0,1
1,36,0,0,0,0,14,0,0
1,30,0,0,1,1,35,0,0
1,24,0,0,0,0,49,0,1
1,34,0,0,3,1,363,0,0
1,23,0,0,0,0,10,1,1
0,26,0,0,5,0,223,0,1
1,35,0,0,1,1,35,0,0
1,24,2,1,3,1,35,0,1
1,21,0,0,3,0,363,0,1
1,39,0,0,0,0,118,0,0
1,19,3,0,2,0,363,0,1
0,30,0,0,15,0,267,0,1
0,27,0,0,6,0,154,1,0
1,38,0,0,0,0,79,0,1
1,54,0,0,0,1,35,1,0
1,33,0,0,21,1,357,0,1
1,45,0,0,0,0,259,1,0
1,27,0,0,9,0,17,0,1
0,26,0,0,3,0,11,0,0
1,22,1,0,12,0,267,0,1
1,23,0,0,0,1,355,1,0
0,36,0,0,3,0,223,0,1
1,28,0,0,2,0,206,1,0
1,30,0,0,0,1,88,1,1
1,27,0,1,6,0,17,0,1
1,19,0,0,1,1,35,1,1
1,27,0,0,5,1,116,1,0
0,30,0,0,5,0,320,1,1
1,55,0,0,3,1,356,1,0
1,21,0,0,0,0,55,1,0
1,20,0,0,0,0,154,0,1
0,28,0,0,0,1,35,0,0
1,54,0,0,0,0,267,0,0
1,45,0,0,38,0,143,0,1
1,52,0,0,2,1,88,0,0
1,32,0,0,2,0,118,0,1
0,36,0,0,0,1,35,1,0
1,45,0,0,0,0,118,0,1
1,24,0,0,11,0,158,0,1
1,21,0,0,1,1,35,0,1
1,32,0,0,0,0,132,0,1
0,20,0,0,0,1,35,1,1
1,35,0,0,0,0,158,0,0
1,41,0,0,1,0,49,1,1
1,36,0,0,0,1,117,1,0
0,49,0,0,2,1,358,1,1
1,20,0,0,0,0,265,0,1
1,26,0,0,0,1,117,0,0
1,22,0,0,2,1,35,0,1
1,24,0,0,0,1,35,0,0
1,60,0,0,1,0,363,1,0
1,42,0,0,0,0,142,0,0
0,27,0,0,2,1,205,0,1
1,27,0,0,6,0,267,0,1
1,45,0,0,0,1,35,1,0
1,28,0,0,3,1,204,0,1
1,43,0,0,15,1,288,0,1
1,34,0,0,2,1,35,0,0
1,27,0,0,1,0,363,1,0
1,49,0,0,3,0,363,0,0
1,32,0,0,3,0,56,0,1
1,34,0,0,1,1,35,0,0
0,30,0,3,14,0,62,0,1
1,29,0,0,0,1,117,0,0
1,24,0,0,1,0,363,1,1
1,22,0,1,2,0,215,1,1
1,56,0,0,3,1,363,0,0
1,32,0,0,5,1,363,0,0
1,20,0,0,0,0,353,0,1
0,30,0,0,2,0,158,0,0
1,22,0,0,0,0,353,0,1
1,59,0,0,0,0,158,1,0
1,54,0,0,1,0,363,0,0
1,28,0,0,0,1,316,0,1
0,26,0,0,0,1,35,0,0
1,33,0,0,19,0,363,0,1
1,35,0,0,1,1,35,0,1
1,21,1,0,2,1,35,1,0
1,50,0,0,0,0,158,1,0
1,25,0,13,21,0,118,0,1
0,45,0,1,7,0,363,1,1
1,30,0,0,7,0,206,0,1
1,32,0,2,10,0,78,1,1
1,39,0,0,10,0,158,1,1
1,48,0,0,0,1,142,0,0
1,24,0,0,0,0,41,0,0
1,30,0,0,6,1,288,0,1
1,26,0,0,6,0,46,0,1
1,25,0,1,7,0,287,0,1
1,21,0,0,0,0,287,0,0
1,37,0,0,23,0,41,0,1
1,41,0,0,7,1,35,0,1
1,31,0,0,3,1,357,0,1
1,37,0,0,0,0,319,0,0
0,27,0,0,6,0,158,1,1
0,23,0,0,0,0,260,1,0
1,26,0,0,3,1,205,1,0
0,31,0,0,2,0,154,1,0
1,38,0,0,11,0,140,0,0
0,52,0,0,0,0,5,1,0
1,21,0,2,2,0,154,1,1
1,23,0,0,0,0,154,0,1
1,27,0,0,0,1,75,0,0
1,21,0,0,1,0,56,0,0
0,42,0,0,8,0,363,0,1
1,28,0,1,14,1,288,0,1
1,32,0,0,0,0,52,1,0
1,31,0,0,4,1,23,0,1
1,25,0,0,0,1,355,1,1
1,50,0,0,7,0,5,0,0
1,26,1,0,10,0,363,0,1
1,45,0,0,1,1,288,0,0
1,32,0,0,3,0,154,0,0
1,51,0,0,0,1,35,1,0
1,43,0,0,2,0,212,1,0
1,24,0,0,0,0,49,0,0
1,35,0,0,2,0,363,1,1
0,41,0,0,0,0,14,1,0
0,24,0,0,6,1,363,0,0
1,24,0,0,2,0,363,1,0
0,43,0,0,0,1,87,1,0
0,25,0,0,0,1,279,1,0
1,23,0,0,0,0,132,1,1
1,46,0,0,0,1,35,0,0
0,47,0,1,21,1,35,0,1
1,50,0,0,0,1,35,0,0
1,24,0,0,4,0,118,0,1
1,24,0,0,2,1,239,0,1
1,24,0,0,1,1,35,0,1
1,20,0,0,0,0,267,0,0
1,30,0,0,2,0,73,0,1
0,31,0,0,1,0,363,1,0
1,20,0,0,0,0,267,0,1
1,39,0,0,0,0,363,1,0
1,25,0,0,5,1,363,1,1
0,45,0,0,5,1,84,1,0
0,31,0,0,1,1,363,0,0
0,35,0,0,7,0,363,0,1
1,28,0,0,0,0,198,0,0
1,22,0,0,1,1,35,0,1
1,33,0,0,18,0,154,0,1
1,33,0,0,0,0,158,1,0
1,23,0,0,0,0,136,0,1
1,30,0,0,2,0,363,1,0
1,41,0,0,1,1,35,0,0
1,27,0,0,3,0,363,0,1
1,24,0,0,1,0,49,1,1
0,26,0,0,1,0,363,0,0
1,36,0,0,5,0,363,0,0
1,24,0,0,1,1,281,0,1
1,22,0,1,3,0,363,0,1
1,24,0,1,3,1,87,1,0
1,59,0,0,3,1,117,1,1
0,22,0,0,1,0,251,1,0
1,27,0,0,0,1,35,0,1
1,38,0,0,4,1,35,1,1
1,39,0,0,8,0,176,0,0
1,45,0,0,0,1,35,1,0
0,26,0,0,1,0,5,0,1
1,22,0,0,0,0,158,1,0
1,50,0,0,0,0,142,1,1
1,25,0,0,0,0,70,0,1
1,34,0,0,0,0,229,0,0
1,25,0,0,0,1,35,0,1
0,56,0,0,0,1,35,0,0
1,66,0,0,1,1,363,1,0
0,26,0,0,3,0,206,0,1
1,28,0,0,10,0,118,0,0
0,32,0,0,0,1,35,0,1
1,38,0,0,1,0,287,0,1
0,31,0,0,2,0,363,1,1
0,31,0,0,2,0,154,0,0
1,23,0,0,1,0,363,0,1
1,23,1,1,4,0,56,0,0
1,46,0,0,3,0,143,0,0
0,42,0,0,0,1,87,0,1
1,26,0,0,0,1,35,0,0
1,19,0,0,0,1,35,1,1
1,50,0,0,0,0,267,1,0
1,30,0,0,2,1,117,1,1
1,28,0,0,1,1,35,0,0
1,34,0,0,0,1,35,0,1
0,48,0,0,0,1,35,0,0
1,35,0,0,6,0,353,0,1
1,38,0,0,2,0,70,1,1
1,30,0,0,3,1,35,1,0
1,27,0,0,1,1,56,0,0
0,42,0,0,0,0,5,0,0
1,35,0,0,8,1,35,0,1
1,45,0,0,3,1,35,1,1
1,45,0,0,15,0,27,0,1
1,39,0,0,1,0,345,0,0
1,21,0,0,4,0,56,0,0
1,30,0,0,7,0,118,0,0
1,35,0,0,0,1,127,0,0
1,21,0,0,1,0,233,0,0
0,23,0,0,1,1,239,1,0
1,46,0,0,1,0,363,1,0
1,23,0,0,1,0,267,0,1
1,24,0,0,0,1,242,0,0
1,39,0,0,9,0,236,0,0
1,32,1,0,8,0,52,1,0
1,47,0,0,3,0,363,0,1
1,34,0,0,1,0,267,0,0
1,22,0,0,0,1,220,0,1
1,69,0,0,0,1,11,1,0
0,21,0,0,2,0,363,0,0
0,25,0,0,1,1,35,0,1
1,51,0,0,2,1,344,0,0
1,36,0,0,9,0,118,0,0
1,55,0,0,0,1,35,1,1
0,33,0,0,1,0,128,0,0
1,30,0,0,0,0,56,0,0
1,44,0,0,0,0,267,1,1
1,25,0,0,1,0,206,0,1
1,29,0,0,7,0,267,0,0
1,32,0,0,2,0,267,0,1
1,43,0,0,1,1,316,1,0
1,50,0,0,15,1,35,0,0
1,42,0,0,7,0,118,0,0
0,25,0,0,6,0,118,0,1
0,26,0,0,2,1,117,0,1
1,29,0,0,0,1,35,1,1
1,30,0,0,4,1,35,0,1
1,29,0,0,0,1,35,1,1
1,54,0,0,0,1,312,0,0
1,58,0,0,1,0,10,1,1
1,22,0,1,1,0,363,1,1
1,42,0,0,0,1,173,0,0
0,64,0,0,1,0,363,1,0
1,27,0,0,0,0,158,1,1
0,56,0,0,10,0,267,1,1
0,28,0,0,6,1,204,1,1
1,52,0,0,0,0,142,0,0
1,51,0,0,0,1,35,1,0
1,29,0,0,5,0,266,0,1
1,20,0,0,0,0,323,0,1
1,23,0,0,0,0,251,1,1
1,28,0,0,1,0,154,0,0
0,39,0,0,0,0,154,0,1
1,57,0,0,1,1,88,1,0
1,24,0,0,0,0,319,0,1
1,31,0,0,5,1,35,0,0
0,24,0,0,0,0,353,1,0
1,64,0,0,0,1,35,0,0
1,21,0,0,0,0,56,0,0
1,61,0,0,1,1,363,0,0
1,61,0,0,4,0,353,1,0
1,29,0,2,7,0,158,0,1
0,52,0,0,0,0,146,0,1
1,27,0,0,0,1,35,1,0
1,27,0,0,1,0,55,0,1
1,28,0,0,13,0,363,0,1
1,63,0,0,0,1,35,1,1
1,27,0,0,4,0,236,1,1
1,29,0,0,0,0,14,1,0
1,27,0,0,7,0,118,0,0
1,22,0,0,0,0,353,0,0
1,29,0,0,2,0,142,1,0
1,54,0,0,6,0,17,1,0
1,27,1,2,6,1,363,0,0
1,23,0,0,0,0,247,0,0
0,27,0,0,3,1,35,0,1
1,38,0,0,2,0,363,1,1
1,36,0,0,1,0,158,1,0
1,25,0,0,4,0,267,1,1
1,21,0,0,0,0,292,0,1
1,46,0,0,17,0,363,0,1
1,21,0,0,1,1,35,0,0
0,24,0,0,0,1,35,1,0
1,25,0,0,6,1,204,1,1
1,51,0,0,4,1,316,0,0
1,29,1,0,3,0,27,0,1
1,24,0,0,2,1,117,1,0
1,33,0,0,0,0,101,1,1
0,22,0,0,0,0,99,1,1
1,21,0,0,1,0,320,0,1
0,21,0,0,0,0,56,1,0
1,54,0,0,1,0,158,1,0
1,23,0,0,1,0,140,0,1
0,39,0,0,3,0,363,1,0
1,43,0,0,0,1,88,1,0
0,52,0,0,1,0,353,0,0
0,24,0,0,11,1,204,0,1
1,28,0,0,2,0,363,1,1
1,31,0,0,1,0,267,1,1
0,21,0,3,4,1,363,0,1
1,38,0,0,5,0,158,1,1
0,29,0,0,1,1,286,0,0
1,53,0,0,0,0,11,1,0
0,43,0,0,2,1,358,0,0
1,51,0,0,3,0,146,0,0
1,26,0,0,2,0,51,1,1
1,22,0,0,1,0,158,0,0
1,22,0,0,0,0,158,0,1
1,39,0,0,1,0,266,0,0
0,45,0,0,0,0,158,0,0
1,64,0,0,8,1,363,0,1
0,28,0,0,0,1,88,1,0
1,23,0,0,3,1,35,0,1
1,48,0,0,4,0,363,0,0
1,38,0,0,0,1,87,1,0
1,20,1,0,1,0,363,1,1
1,41,0,0,0,1,35,1,0
1,41,0,0,0,1,35,0,0
0,21,0,0,0,0,251,0,1
1,35,0,0,4,0,320,0,1
1,24,0,0,0,0,118,0,0
1,67,0,0,0,0,158,1,1
1,28,0,0,3,0,275,1,1
1,32,2,0,15,0,267,1,1
1,25,0,0,1,1,35,1,0
1,35,0,0,0,0,206,0,0
1,29,0,0,2,0,287,0,1
1,33,0,0,6,0,158,1,1
1,20,0,1,1,0,49,1,1
1,22,0,0,1,0,41,0,1
0,42,0,0,1,0,252,0,0
0,22,0,0,2,1,239,1,0
1,37,0,0,0,0,79,1,1
1,78,0,0,1,1,117,1,1
1,25,0,0,5,0,17,0,0
1,40,0,0,0,0,142,0,0
1,52,0,0,0,0,267,0,1
1,23,0,0,0,0,49,1,0
1,31,0,0,5,0,118,1,1
1,23,0,0,1,0,49,1,1
1,24,0,0,0,0,158,1,1
1,38,2,3,16,1,35,0,1
1,23,1,0,4,0,363,0,0
0,61,0,0,1,0,309,0,1
1,31,0,1,3,0,158,0,1
1,29,0,1,8,0,223,0,1
0,25,0,0,0,0,158,1,0
1,21,0,0,1,0,363,0,1
1,28,0,0,0,0,185,1,1
1,47,0,0,3,0,247,0,0
0,26,0,0,4,0,141,0,1
1,27,0,0,5,0,5,0,1
1,35,0,0,0,0,14,0,0
1,34,0,0,2,1,363,1,0
1,38,0,0,1,1,363,0,0
1,49,0,0,1,0,142,0,0
1,28,0,0,18,0,103,0,1
1,20,2,2,4,0,267,0,1
1,21,0,0,1,0,158,0,1
1,47,0,0,2,1,87,1,0
1,49,0,0,12,0,247,1,1
1,52,0,0,7,0,287,1,0
1,48,0,0,1,0,111,1,0
1,20,0,0,0,1,35,1,0
1,22,0,0,0,1,84,1,0
1,22,0,0,1,0,55,0,1
1,25,0,0,1,0,267,1,0
1,28,0,0,2,1,239,0,0
0,23,0,0,3,0,212,1,0
1,28,0,0,1,0,136,1,1
1,21,0,0,0,0,55,0,0
1,51,0,0,3,0,142,1,1
1,22,0,1,3,1,35,0,1
1,22,0,0,3,0,42,0,0
1,31,0,0,0,0,142,1,0
1,29,0,0,0,0,158,1,1
1,29,0,0,14,0,154,1,1
1,47,0,0,23,1,239,0,1
0,20,0,0,0,1,35,0,1
1,35,0,0,3,1,363,1,1
0,22,0,0,1,1,357,1,0
1,23,0,0,0,0,151,1,0
1,38,0,0,14,0,158,0,0
1,28,0,0,4,0,259,1,1
1,21,0,0,0,0,247,0,1
1,26,1,2,9,0,320,0,1
1,25,1,6,14,0,363,0,1
1,46,0,0,5,0,154,0,1
1,25,0,0,1,1,35,0,1
1,22,0,0,6,0,74,1,1
0,36,0,0,1,0,267,0,1
1,46,0,0,0,1,88,0,0
1,24,0,0,1,0,206,0,1
0,30,0,0,0,0,160,0,0
1,26,0,0,3,0,266,1,1
1,31,0,0,0,1,35,1,0
1,25,0,1,6,1,363,0,0
1,25,0,1,3,1,316,0,1
1,29,0,0,0,1,88,0,1
0,30,0,0,0,1,35,0,0
1,30,0,0,3,0,287,0,1
0,43,0,0,7,0,2,1,0
1,32,0,1,12,1,35,0,1
0,42,0,0,0,1,117,1,0
0,24,0,0,0,0,191,1,0
0,48,0,0,0,1,172,1,0
1,36,0,2,17,0,363,0,1
1,50,0,0,7,0,363,0,1
1,47,0,0,2,0,267,1,1
0,30,0,0,15,1,35,0,1
1,43,0,0,4,0,363,0,1
0,21,0,0,1,1,332,0,1
1,55,0,0,0,1,35,1,1
1,36,0,0,13,0,363,0,1
1,38,0,0,8,1,344,0,1
0,36,0,0,3,0,174,1,1
1,23,0,1,3,0,256,0,1
0,27,0,0,0,1,35,0,0
0,28,0,0,4,0,236,0,0
0,48,0,0,0,0,174,1,0
1,43,0,0,2,0,267,0,0
1,23,0,0,0,0,158,0,0
0,46,0,0,0,0,79,1,0
1,32,0,0,0,0,132,0,0
0,44,0,0,1,0,158,1,0
1,26,0,0,2,0,62,1,0
1,56,0,0,0,1,35,1,1
1,45,0,0,8,1,355,1,1
1,33,0,0,4,0,146,0,1
1,27,0,0,0,0,17,0,1
1,29,0,0,0,0,141,1,0
1,61,0,0,0,1,204,1,0
1,33,0,0,0,0,51,0,0
0,34,0,0,0,1,116,1,1
1,32,0,0,0,0,12,1,0
1,31,0,0,1,1,117,1,0
1,49,0,0,0,1,117,1,0
1,55,0,0,1,0,158,1,1
1,33,0,0,0,0,266,0,1
1,37,0,0,5,0,41,1,0
1,23,0,0,0,0,103,1,0
1,49,0,0,3,0,363,0,1
1,20,0,0,0,0,267,1,0
1,22,0,0,1,0,56,0,1
1,21,0,0,0,1,35,1,1
1,25,0,0,0,0,259,1,0
1,43,0,0,1,0,363,1,1
0,36,0,0,0,0,267,1,0
1,35,0,0,1,0,158,0,1
0,23,0,0,0,0,158,1,1
1,43,0,0,1,1,117,1,0
1,30,0,0,9,0,143,1,1
1,30,0,0,3,0,158,0,0
1,28,0,1,9,1,116,1,0
1,69,0,0,0,0,118,1,0
0,24,0,0,2,0,363,1,0
1,20,0,0,0,0,27,0,0
0,43,0,0,0,1,35,0,0
1,62,0,0,8,0,267,0,0
1,33,0,0,1,0,319,0,0
1,56,0,0,0,1,35,0,0
1,23,0,0,0,0,158,0,0
1,59,0,0,2,1,87,1,1
1,28,0,0,5,1,363,0,0
1,43,0,0,8,0,75,0,1
1,25,0,0,0,0,111,0,1
1,20,1,1,2,0,363,0,1
1,32,0,0,8,0,353,0,0
1,27,0,0,7,0,49,0,1
1,35,0,0,2,1,35,1,0
0,58,0,0,1,1,88,1,0
1,27,0,0,2,0,267,1,0
1,27,0,0,9,0,223,0,1
0,53,0,0,0,0,146,0,0
1,40,1,0,15,0,363,0,0
1,29,0,0,0,0,96,0,1
1,44,0,0,0,1,35,1,1
1,27,0,0,0,1,35,0,1
1,24,0,0,0,0,154,0,0
1,22,0,0,1,1,35,1,0
1,42,0,0,0,0,223,0,1
1,25,0,0,0,0,363,0,0
1,43,0,0,0,0,158,1,1
1,30,0,0,2,1,35,0,0
1,24,0,0,3,0,267,0,1
1,22,0,0,1,0,236,0,1
1,51,0,0,17,0,267,0,1
1,34,0,0,7,0,363,0,1
1,22,0,0,1,0,212,1,0
0,55,0,0,1,0,206,0,0
1,19,0,0,1,0,142,1,1
1,56,0,0,1,0,363,0,0
1,41,2,0,6,0,143,0,1
1,32,0,0,6,0,267,0,1
1,33,0,0,5,0,212,0,1
1,47,4,0,14,0,158,0,1
1,26,0,0,1,0,154,0,0
1,52,0,0,2,0,363,1,0
0,52,0,0,0,1,35,0,0
1,48,0,0,0,0,158,1,1
1,48,1,0,23,0,147,1,1
1,47,0,0,2,0,94,1,0
1,35,0,0,1,1,35,0,0
0,25,0,0,0,0,0,1,0
1,37,0,0,12,0,206,0,1
1,30,0,0,22,0,267,1,1
0,24,0,0,1,0,158,0,0
1,44,0,0,6,0,158,1,1
1,23,0,0,3,0,158,0,1
1,45,0,0,9,0,147,1,1
1,24,0,0,0,0,317,1,1
0,37,0,0,0,0,158,0,0
1,30,0,0,10,1,35,0,1
1,56,0,0,4,0,267,0,0
0,22,0,0,0,1,129,0,0
0,35,0,0,2,0,363,0,0
0,31,0,0,9,0,212,1,1
0,29,0,0,1,0,49,1,1
0,24,0,0,0,0,56,1,0
1,27,0,0,9,0,212,0,1
1,21,0,0,0,1,55,1,0
0,21,0,0,0,0,251,0,0
0,33,0,0,2,0,363,1,0
0,33,0,0,1,0,363,1,0
1,35,0,0,1,1,363,0,0
1,59,0,0,0,0,267,1,0
1,46,0,0,0,0,314,1,0
1,32,0,0,0,0,247,1,1
1,27,0,0,0,1,260,1,1
1,28,1,0,11,0,267,0,1
1,21,0,0,0,0,158,0,1
1,57,0,0,12,1,84,1,0
0,34,0,0,0,1,35,0,1
0,40,0,0,5,0,158,1,0
0,25,0,0,1,1,19,1,1
1,26,0,0,1,1,219,0,0
0,48,0,0,0,1,88,0,0
1,30,0,0,1,1,117,1,0
1,29,0,0,0,1,237,0,0
1,27,0,0,8,0,363,1,0
1,32,0,1,14,0,17,0,0
1,20,0,0,0,0,56,0,1
1,31,0,0,1,0,227,0,0
1,22,0,0,5,0,251,1,1
1,32,0,0,5,0,287,1,1
1,55,0,0,0,1,35,1,0
0,29,0,0,0,0,66,1,0
1,20,1,0,1,0,363,1,1
1,56,0,0,0,1,117,1,0
1,28,0,0,7,0,141,1,1
1,58,0,0,0,1,87,0,0
0,21,0,1,0,1,117,1,1
1,25,0,0,1,0,49,1,0
1,26,0,1,13,0,118,0,1
0,44,0,0,0,1,112,1,1
1,56,0,0,2,0,148,1,0
1,42,0,0,1,0,146,0,1
0,54,0,0,0,0,2,1,1
1,33,0,0,5,1,35,0,1
1,43,0,0,2,1,35,0,0
1,29,0,0,5,0,267,0,0
1,26,0,0,0,0,267,1,0
0,54,0,0,7,0,153,0,0
1,29,0,0,1,0,236,0,1
1,43,0,0,0,0,158,1,1
1,56,0,0,1,0,363,0,0
1,42,0,0,1,0,363,0,0
1,24,0,0,0,0,41,0,0
1,47,0,0,5,0,363,0,0
1,33,0,0,2,0,158,0,1
1,20,0,0,0,1,35,1,0
1,20,0,0,0,1,23,0,0
0,23,0,0,0,0,62,0,1
1,64,0,0,13,0,363,0,1
1,20,0,0,0,0,49,1,1
0,27,0,0,0,1,23,0,0
0,37,0,0,0,1,173,1,0
1,32,0,0,11,1,363,0,1
1,31,0,0,0,0,158,1,0
1,27,0,2,18,0,147,0,1
1,37,0,0,8,1,202,0,1
1,21,0,0,2,0,267,0,1
0,23,0,0,1,0,49,0,1
0,20,0,0,0,0,158,0,0
1,33,0,0,0,0,10,0,0
1,64,0,0,20,0,118,0,0
1,40,0,0,1,0,158,1,0
1,19,0,0,1,1,35,0,1
1,28,0,0,4,0,53,0,0
0,35,0,0,5,0,191,0,0
1,20,0,1,2,0,56,0,1
0,25,0,0,2,1,204,1,1
1,27,0,0,8,0,62,0,1
1,24,0,0,9,1,355,1,1
1,30,0,0,11,0,339,0,1
1,26,0,0,1,1,35,0,1
1,22,0,0,3,0,49,1,1
1,21,0,0,0,0,353,0,1
1,42,0,0,10,1,116,0,1
0,42,0,0,2,1,363,0,0
1,23,0,0,0,1,35,1,0
1,28,0,0,2,0,211,0,1
1,24,0,0,1,1,316,0,1
1,46,0,0,2,0,363,0,1
1,48,0,0,0,0,158,1,0
1,24,0,0,3,0,158,1,1
1,35,0,0,4,1,116,0,0
1,36,0,0,0,1,35,0,0
0,26,0,0,0,1,122,0,0
1,23,0,1,4,0,339,0,1
1,22,0,0,0,0,294,1,0
0,38,0,0,1,1,88,1,0
1,49,0,0,4,1,35,0,0
1,52,0,0,1,0,49,1,1
1,21,0,0,0,0,287,0,1
1,45,0,0,7,0,141,1,0
1,29,0,0,5,0,212,0,1
1,28,0,0,1,0,266,0,1
0,32,0,0,6,0,363,1,1
0,57,0,0,0,1,112,1,1
1,34,0,0,3,1,35,1,1
1,29,0,0,5,0,363,0,1
1,23,0,0,2,0,363,0,1
1,58,0,0,6,0,147,0,0
1,25,0,0,6,0,56,0,0
1,36,0,0,14,0,324,0,1
1,43,0,0,2,0,363,1,0
1,24,0,0,3,0,282,1,0
0,29,0,0,1,0,158,1,1
1,29,3,0,6,0,363,0,0
1,26,0,0,15,0,363,0,0
1,43,0,0,0,1,117,1,1
1,34,0,0,16,0,266,0,1
1,26,0,0,0,0,110,1,1
1,40,0,0,1,0,146,0,0
1,25,0,0,0,0,363,1,1
1,22,1,0,2,0,353,0,1
1,46,0,0,9,1,35,1,0
1,23,0,0,0,0,206,0,0
1,44,0,0,0,0,340,1,1
1,32,0,0,0,0,41,1,1
0,29,0,0,1,0,363,0,0
0,49,0,0,1,1,173,1,0
0,46,0,0,0,1,35,1,0
1,21,0,0,0,1,154,1,1
1,25,0,0,2,1,201,0,1
1,20,0,0,0,0,10,1,0
1,21,2,0,2,0,267,0,1
0,30,0,1,4,0,267,0,0
1,80,0,0,0,1,35,1,0
1,38,0,0,2,0,259,1,0
1,25,0,0,1,0,55,0,1
1,50,0,0,24,1,316,0,1
1,25,0,0,2,1,281,1,1
1,32,0,0,1,0,136,0,1
0,42,0,0,2,0,57,0,0
1,50,0,0,1,0,304,1,0
0,21,0,0,1,0,158,1,0
1,25,0,0,0,0,5,0,0
1,36,0,0,0,0,266,0,0
1,22,0,0,1,0,13,1,0
1,22,0,0,1,0,363,0,1
1,40,0,0,0,0,267,0,1
1,32,0,0,1,0,55,1,0
1,22,0,0,0,0,27,0,0
1,35,0,0,0,1,35,1,1
1,24,0,0,1,1,35,0,0
1,28,0,0,1,1,23,1,0
1,52,0,0,2,1,336,1,0
0,64,0,0,1,1,288,0,1
1,35,0,0,5,0,118,0,0
1,44,0,0,6,0,363,1,1
0,27,0,0,2,0,158,1,1
1,24,0,0,2,0,226,0,1
1,65,0,0,1,0,259,1,1
1,38,0,0,5,1,239,1,1
1,25,0,0,0,0,226,0,0
1,25,0,0,2,1,288,1,1
1,42,0,0,1,0,363,0,0
1,59,0,0,2,0,260,1,0
1,27,0,0,8,0,143,0,1
1,42,0,0,8,0,363,0,0
0,28,0,0,0,1,166,1,0
1,21,0,0,0,0,266,1,1
1,41,0,0,4,0,64,0,0
0,38,0,0,0,1,127,0,0
1,55,0,0,5,0,143,0,1
1,23,1,0,2,0,206,0,1
1,26,0,0,0,1,35,1,1
1,26,0,0,2,1,35,0,0
0,62,0,0,0,1,182,1,0
0,25,0,0,0,1,35,0,0
1,21,0,0,1,0,294,0,0
1,27,0,0,2,0,2,0,0
1,32,0,0,4,0,363,0,0
1,29,1,0,2,0,17,0,0
1,23,0,0,3,0,363,1,1
1,35,0,0,2,0,252,1,0
1,26,0,0,2,0,206,0,1
1,33,0,0,0,0,154,0,0
1,22,0,0,0,0,50,0,1
1,61,0,0,10,0,49,1,0
1,33,0,0,9,1,35,0,1
0,32,0,0,2,0,300,1,1
1,46,0,0,5,1,35,1,0
0,27,0,0,0,0,190,0,1
1,26,0,0,3,0,98,0,1
0,32,0,0,0,1,35,0,1
1,56,0,0,5,0,118,0,0
0,33,0,0,1,0,236,0,0
1,25,0,0,0,1,35,0,1
1,56,0,0,13,0,363,1,0
0,45,0,0,2,0,134,0,0
1,29,0,0,2,1,142,1,1
0,27,0,1,1,0,353,0,0
1,40,0,0,3,1,117,1,0
1,25,0,0,0,1,113,1,0
0,24,0,0,1,0,158,0,0
1,38,1,0,8,1,112,0,0
1,25,0,0,0,0,158,1,0
1,27,0,1,11,0,143,0,0
1,44,0,0,1,0,259,1,1
0,22,0,0,0,1,35,0,0
1,35,0,0,3,0,267,1,0
1,41,0,0,9,1,35,1,0
0,47,0,0,0,0,41,1,0
1,22,0,0,0,0,206,0,0
1,59,0,0,8,0,363,0,1
0,59,0,0,0,1,88,1,0
1,25,0,0,2,0,62,1,1
0,32,0,0,3,0,363,0,0
0,20,0,0,0,0,158,1,0
1,20,0,0,1,0,158,0,1
1,46,0,0,0,0,118,0,0
1,30,0,0,9,0,118,0,1
1,36,0,0,9,1,113,0,0
1,27,0,0,4,0,101,0,0
1,26,0,0,0,1,363,0,0
1,34,1,0,21,1,35,0,1
1,28,0,0,4,0,353,0,1
1,49,0,0,1,0,158,0,0
0,29,0,0,0,0,292,0,0
1,25,0,0,1,0,267,1,0
1,29,0,0,2,1,125,0,0
1,29,0,2,7,0,32,0,1
0,46,0,0,0,1,87,1,0
1,47,0,0,0,0,223,0,1
1,26,0,0,0,1,35,1,0
0,35,0,0,5,0,5,0,1
0,23,0,0,1,0,5,0,0
0,53,0,0,0,1,88,1,0
0,46,0,0,7,1,35,0,0
0,51,0,0,0,1,343,1,0
1,24,0,0,1,0,207,0,1
1,59,0,0,0,1,173,1,0
1,53,0,0,0,1,35,1,0
1,26,0,0,1,1,116,0,1
1,33,0,0,8,0,275,0,0
1,54,0,0,4,0,363,0,0
1,26,0,1,6,1,363,0,0
1,28,0,0,0,0,158,1,0
1,30,0,0,2,0,56,0,0
1,41,0,0,2,0,118,0,0
1,36,0,0,9,1,363,1,1
1,20,0,0,0,0,206,1,0
1,43,0,0,1,1,35,0,1
1,33,0,1,5,1,35,1,1
1,57,0,0,0,0,5,1,0
1,34,2,0,8,0,211,0,1
1,27,0,0,11,0,118,0,1
0,28,0,0,0,0,22,0,0
1,54,0,0,4,1,77,1,0
1,38,0,0,2,0,267,1,1
1,25,0,0,1,0,49,0,0
0,27,0,0,0,1,35,1,0
1,29,0,0,0,1,117,1,0
1,49,0,0,3,0,2,1,0
1,28,0,0,6,1,288,0,1
1,33,0,0,2,1,35,0,0
1,32,0,0,2,0,251,1,0
0,29,0,0,7,0,363,1,1
1,20,0,0,0,0,104,0,1
1,21,0,0,0,0,52,0,1
0,25,0,0,2,0,363,1,0
1,50,0,0,1,0,5,1,0
1,29,0,0,12,1,77,1,1
1,29,0,0,2,0,363,1,0
0,50,0,0,2,0,267,1,1
1,41,0,0,5,1,116,0,0
1,24,0,0,0,0,267,1,0
1,36,0,0,4,1,35,0,1
1,21,0,0,0,0,215,0,1
1,26,0,0,7,1,316,1,0
1,24,0,2,6,0,363,1,0
1,25,0,0,0,1,288,0,1
1,22,0,0,0,0,353,0,0
0,20,0,0,1,0,147,0,1
1,29,0,0,0,0,11,1,1
1,32,0,0,21,0,147,0,1
1,42,0,0,0,1,35,0,1
1,27,0,0,1,1,35,1,0
1,34,0,0,5,0,236,1,1
1,26,0,0,4,0,52,0,1
0,28,0,0,3,0,363,0,1
0,28,0,0,4,0,363,0,0
1,39,0,0,0,1,23,0,0
1,32,0,0,10,0,146,0,1
1,44,0,0,0,0,154,1,0
1,20,0,0,0,0,62,0,0
1,32,0,0,6,1,35,0,1
0,24,0,0,2,0,195,1,0
1,37,0,0,11,0,146,0,1
1,24,0,0,0,1,35,0,1
1,23,0,0,3,0,320,0,0
0,55,0,0,2,0,267,1,0
1,29,0,0,2,1,204,0,0
1,55,0,0,17,0,267,0,1
1,28,0,0,5,1,142,0,1
1,34,3,1,13,0,363,0,1
1,25,0,0,2,1,337,0,0
0,23,0,0,1,1,35,0,0
1,55,0,0,3,0,267,1,1
1,38,0,0,10,0,293,0,1
1,54,0,0,6,0,267,0,1
1,59,0,0,5,1,21,0,0
1,27,1,0,6,0,267,0,1
1,52,0,0,4,1,125,0,0
1,24,0,0,3,1,363,0,0
1,26,0,0,5,0,118,0,0
0,38,0,0,0,0,287,1,1
0,25,0,0,0,1,117,1,0
1,46,0,0,0,0,9,1,0
1,23,0,0,1,0,17,0,1
0,33,0,0,3,0,10,0,1
1,24,0,0,3,0,267,1,0
1,21,0,0,3,0,223,0,1
1,24,0,0,1,1,35,0,0
1,27,0,0,1,1,88,0,0
1,26,0,0,0,1,35,0,1
1,41,0,0,0,0,13,0,0
1,22,0,1,1,0,41,0,1
1,23,1,0,5,0,247,0,1
1,29,0,0,4,0,146,0,0
0,24,0,0,2,1,23,0,1
1,29,0,0,15,0,118,0,1
1,21,0,0,1,0,56,1,0
1,25,0,3,8,1,35,0,1
1,47,0,0,4,0,146,0,1
1,37,0,0,0,0,142,1,0
1,26,0,0,3,0,206,0,1
0,25,0,0,5,0,251,1,0
1,28,1,0,12,0,146,0,0
1,27,0,0,6,1,35,0,1
1,20,1,0,1,0,363,0,1
1,20,0,0,1,0,154,0,1
0,22,0,0,0,0,5,0,1
1,32,0,0,0,0,206,1,0
0,43,0,0,0,0,158,1,1
1,33,0,0,7,0,267,0,1
1,53,0,0,1,0,94,1,0
1,24,0,0,4,0,56,0,1
1,25,0,0,0,1,23,0,0
1,32,0,0,4,0,56,0,1
1,20,0,0,2,0,363,0,1
1,57,0,0,8,1,186,0,0
1,26,0,1,5,1,363,0,0
1,33,0,0,4,1,35,0,1
1,31,0,0,0,1,35,0,0
0,24,0,0,0,0,236,1,0
1,22,0,0,1,0,206,0,1
0,29,0,0,6,0,267,1,1
1,31,0,0,6,0,267,0,0
1,37,0,0,3,0,267,1,0
1,35,0,0,7,0,363,0,0
1,52,0,0,16,0,363,0,1
1,41,0,0,2,1,363,1,0
1,31,0,0,6,0,287,0,1
1,39,0,0,3,0,271,1,0
0,31,0,0,2,1,122,0,0
1,31,0,2,15,0,267,0,1
1,23,0,0,0,0,150,0,1
0,60,0,0,0,1,35,1,0
1,26,0,0,8,0,363,1,0
0,33,0,0,0,0,267,0,1
1,24,0,0,0,0,11,0,0
1,24,0,0,1,1,35,0,0
1,49,0,0,3,0,267,1,1
1,28,0,0,6,1,363,1,1
1,47,0,0,5,1,88,1,0
0,26,0,0,1,0,267,1,0
1,21,0,0,0,0,62,0,0
0,38,0,0,2,1,35,1,0
1,27,0,0,10,0,118,0,0
1,24,0,0,2,1,35,1,0
1,30,0,0,11,1,35,0,1
1,28,0,0,1,1,35,0,0
1,23,0,0,5,0,158,0,1
1,24,0,0,1,0,56,0,1
1,42,0,0,0,0,13,1,0
1,21,0,0,1,0,155,0,0
1,38,0,0,15,0,13,0,0
1,22,1,1,6,0,363,0,1
1,22,0,0,0,0,56,0,1
1,32,0,0,1,0,206,0,1
1,26,0,0,4,0,118,0,0
1,59,0,0,14,0,267,0,1
1,53,0,0,36,0,70,1,1
0,53,0,0,1,1,35,1,0
1,34,0,0,0,1,35,1,0
1,27,0,1,1,0,158,0,0
1,51,0,0,3,0,91,0,0
0,33,0,0,0,1,88,1,1
1,25,0,0,4,0,292,0,1
1,21,0,1,2,0,266,0,0
1,22,0,0,1,1,35,0,1
1,25,0,2,9,0,363,1,0
1,21,0,0,0,0,154,1,1
1,26,0,0,12,1,35,0,1
1,23,0,0,0,0,228,1,0
0,23,0,0,0,0,5,0,0
1,46,0,0,9,0,206,0,0
1,57,0,0,20,0,267,0,1
1,36,0,0,0,0,73,0,0
1,49,0,0,3,0,267,1,0
1,47,0,0,1,0,49,1,1
0,28,0,0,1,0,363,0,0
0,28,0,0,5,0,209,0,0
0,55,0,0,2,0,5,0,0
1,27,0,0,8,0,211,0,1
1,30,0,0,0,0,118,0,1
1,23,1,0,3,0,206,0,1
1,41,0,0,3,1,117,0,1
1,56,0,0,1,0,148,1,0
0,30,0,0,2,1,35,0,0
1,52,0,0,2,0,267,0,1
0,20,0,0,0,1,35,0,0
1,32,0,0,0,0,142,0,0
1,29,0,0,10,0,118,0,1
1,41,0,0,1,0,142,1,1
1,53,0,0,0,0,64,1,0
1,47,0,0,4,0,267,0,1
0,61,0,0,8,0,287,1,1
1,27,0,0,25,0,363,0,1
1,42,0,0,8,0,3,1,0
1,42,0,0,0,0,5,1,0
0,22,0,0,0,1,35,1,0
1,24,0,0,1,0,41,0,1
1,29,0,0,11,1,201,0,0
1,53,0,0,1,0,176,1,0
1,32,0,0,2,1,35,0,0
1,21,0,1,1,1,56,0,1
1,23,0,0,0,0,335,1,1
1,46,0,0,2,0,363,1,0
1,52,0,0,0,0,57,1,0
1,28,0,0,3,1,35,1,1
1,20,0,0,0,0,267,0,1
1,51,0,0,0,0,266,1,0
0,25,0,0,1,0,5,0,0
1,29,0,0,5,0,266,0,1
1,24,0,0,0,0,353,0,1
0,58,0,0,4,0,158,0,0
1,21,0,0,2,0,363,1,0
1,35,0,0,0,0,236,0,1
1,27,0,1,10,0,118,0,1
1,41,0,0,25,0,267,0,1
1,28,0,0,5,0,251,0,0
1,24,0,0,0,1,35,1,0
1,22,0,0,0,0,49,0,1
1,42,0,0,3,0,311,1,1
1,57,0,0,0,1,35,1,0
1,29,0,0,0,1,88,1,0
0,37,0,0,1,0,260,1,0
1,49,0,0,0,1,87,1,0
1,21,1,0,2,0,363,0,0
1,28,8,0,16,0,17,0,1
0,28,0,0,0,0,267,1,1
1,26,0,0,4,0,236,0,1
1,34,0,0,2,0,146,0,0
1,44,0,0,6,0,267,0,1
0,37,1,0,7,0,109,0,0
0,31,0,0,0,1,173,0,0
1,23,0,0,0,1,35,0,0
1,46,0,0,1,0,275,1,0
1,37,0,0,3,0,363,1,0
0,41,0,0,5,1,35,0,0
1,46,0,0,3,1,201,0,1
1,26,0,0,3,0,56,0,1
1,63,0,0,5,1,278,1,0
1,29,0,0,4,0,136,0,1
1,33,0,0,0,0,353,0,0
1,33,0,0,14,0,118,0,1
1,29,0,0,2,0,46,0,0
1,31,0,0,0,0,105,0,0
0,24,0,0,0,1,35,0,0
1,27,0,0,5,1,121,0,1
1,22,0,0,0,0,158,1,1
1,31,0,0,1,1,179,0,0
1,71,0,0,3,1,117,1,0
0,28,0,0,1,0,154,0,0
1,57,0,0,2,0,363,1,0
0,23,0,0,0,0,247,0,1
1,35,0,0,9,0,320,0,0
1,20,0,0,0,0,158,0,0
1,25,0,0,3,1,35,0,1
1,44,0,0,6,0,363,0,0
1,35,0,0,4,0,41,1,1
0,31,0,0,14,0,251,1,0
1,35,0,0,0,0,221,0,0
1,29,0,0,0,1,219,1,0
1,31,0,3,15,0,79,0,1
1,34,0,0,3,1,358,1,0
1,24,0,0,3,1,35,1,1
0,56,0,0,1,0,267,0,0
1,44,0,0,2,0,146,0,0
1,26,0,0,0,0,319,1,1
1,32,0,0,7,0,158,0,1
1,42,0,0,1,1,357,0,1
1,25,0,0,0,0,287,1,0
1,20,0,0,0,0,158,0,1
0,48,0,0,1,1,117,1,1
1,43,0,0,6,1,363,0,1
1,37,0,0,22,1,363,0,1
1,37,0,0,8,0,146,0,1
1,53,0,0,2,0,146,0,0
1,25,0,0,8,0,146,0,1
1,22,0,0,0,1,35,0,1
1,22,0,0,1,1,35,0,1
1,25,0,0,4,0,73,0,1
1,31,0,0,1,0,142,0,0
1,52,0,0,7,1,158,0,1
1,29,0,0,2,1,355,1,1
1,39,0,0,2,1,116,0,0
1,28,0,0,7,0,363,0,1
0,29,0,0,11,0,267,0,0
1,30,0,0,0,1,116,0,0
1,25,0,0,9,0,363,0,1
1,21,0,0,0,0,33,0,0
1,21,0,0,0,1,35,0,1
1,20,1,1,4,0,158,0,1
1,20,1,0,1,0,363,0,1
1,50,0,0,1,0,2,1,0
1,26,0,0,1,1,76,0,0
1,31,0,0,7,0,146,0,1
1,24,0,0,1,0,206,1,1
1,27,0,0,1,0,363,0,0
1,26,0,0,8,0,70,0,1
1,23,1,0,1,1,35,0,0
1,56,0,0,0,1,35,1,0
1,54,0,0,3,0,158,1,1
1,58,0,0,1,0,363,1,0
0,31,0,0,3,1,35,0,1
1,31,1,0,2,1,239,1,1
1,39,0,0,1,0,2,0,0
1,24,0,0,3,0,74,0,1
1,35,0,0,3,0,267,1,1
1,31,0,0,3,1,35,1,1
0,29,0,0,0,1,88,1,0
1,32,0,0,11,0,223,0,1
1,26,0,0,2,0,2,0,0
1,26,0,1,5,0,305,0,1
1,36,0,0,0,1,84,0,0
1,25,0,1,7,1,363,0,1
0,25,0,0,0,0,251,1,0
1,23,0,0,1,0,363,0,1
1,59,0,0,1,1,35,0,0
1,25,0,0,0,1,363,0,0
1,56,0,0,7,0,146,1,1
0,27,0,0,1,1,35,0,0
1,55,0,0,5,0,147,0,1
1,37,0,0,0,1,69,0,0
1,62,0,0,3,1,88,0,1
1,53,0,0,4,0,267,0,0
1,47,0,0,7,0,146,0,1
1,22,0,0,1,1,362,1,1
0,52,0,0,0,1,35,1,0
0,27,0,0,3,0,190,0,1
1,29,0,0,4,1,23,0,0
1,24,0,0,0,0,294,0,0
0,24,0,0,0,0,270,1,0
1,51,0,0,6,0,363,1,1
1,23,0,0,0,0,158,0,0
1,21,0,0,0,1,112,0,1
1,37,0,1,13,0,2,0,1
1,51,0,0,4,1,35,1,0
0,38,0,0,1,0,292,0,0
1,22,0,0,1,0,363,1,1
1,43,0,0,1,0,142,1,1
1,22,0,0,0,0,267,1,0
0,28,0,0,2,1,35,0,0
0,28,0,0,5,1,363,0,0
1,28,0,0,0,0,236,1,1
1,46,0,0,1,0,363,1,0
0,32,0,0,5,0,51,1,0
1,56,0,0,0,0,158,1,0
1,29,0,0,7,0,363,0,0
1,49,0,0,1,0,287,1,0
1,23,0,0,3,0,363,1,1
1,51,0,0,3,0,165,1,1
1,29,0,0,8,0,363,0,1
1,54,0,0,4,0,301,0,1
1,21,0,0,1,0,363,0,1
0,24,0,0,0,0,289,0,0
1,57,0,0,1,0,5,1,0
0,30,0,0,1,0,363,0,0
0,75,0,0,5,0,363,0,0
0,26,0,0,3,0,267,0,1
1,49,0,0,1,1,35,0,1
1,29,0,0,0,1,35,0,0
1,22,0,0,1,0,251,1,1
1,39,0,0,1,0,363,0,0
1,47,0,0,1,0,267,0,0
1,26,0,1,3,1,363,0,1
1,33,0,0,14,0,267,0,1
1,46,0,0,2,0,158,0,1
1,45,0,0,3,0,8,1,0
1,44,0,0,2,1,363,0,0
1,24,0,0,0,0,363,1,1
0,37,0,0,0,1,35,1,0
1,30,0,0,0,0,51,1,0
0,30,0,0,0,1,35,0,0
1,34,0,0,5,0,267,1,0
1,23,0,0,0,0,236,1,0
1,28,0,0,0,1,35,0,1
1,31,0,0,4,0,363,0,1
1,34,0,0,1,0,206,0,0
1,23,0,0,1,1,35,0,1
0,37,0,0,0,1,122,0,0
1,40,0,0,4,1,117,1,0
1,34,0,0,0,0,143,0,1
1,37,0,0,20,0,118,0,1
1,21,0,0,0,0,55,0,0
1,27,0,0,0,0,206,1,0
1,38,0,1,16,0,230,0,1
1,40,0,0,20,0,118,0,0
1,46,0,0,0,1,35,0,0
0,26,0,0,2,1,35,1,0
1,24,0,0,3,0,8,0,0
1,31,0,0,9,0,267,0,1
1,25,0,0,5,0,158,1,1
1,32,0,0,2,1,363,0,0
0,30,0,0,3,0,146,0,0
1,23,0,0,2,0,10,1,0
1,56,0,0,3,1,35,0,1
1,22,0,0,3,0,56,0,1
0,24,0,0,0,0,276,0,1
0,35,0,0,1,1,363,0,0
1,51,1,0,19,0,267,0,1
1,30,0,0,0,0,145,1,1
1,40,0,0,1,0,33,1,0
1,44,0,0,0,1,35,1,1
1,33,0,0,1,0,70,0,1
1,25,4,0,13,0,363,1,1
1,28,0,0,1,1,88,1,1
1,28,0,0,5,0,118,0,1
1,34,1,0,11,0,363,0,1
0,23,0,0,1,0,363,0,0
1,32,1,0,4,0,211,0,0
1,23,0,0,2,0,52,0,1
1,29,0,0,16,0,154,0,1
1,25,0,1,11,0,158,0,1
0,44,0,0,10,0,144,1,1
1,26,0,0,2,1,343,0,0
1,27,0,0,0,0,347,1,0
1,53,0,0,11,0,363,0,0
1,31,0,0,6,1,35,0,1
1,43,0,0,5,0,55,1,0
0,25,0,0,0,1,288,0,0
1,25,0,0,0,1,35,0,0
1,30,0,0,2,1,239,1,1
1,27,0,0,0,1,125,1,1
1,34,0,0,3,1,112,0,1
1,23,0,0,0,1,35,0,0
1,55,0,0,1,1,35,1,0
0,25,0,0,0,1,35,0,1
1,36,0,0,16,1,35,0,1
1,44,0,0,8,1,35,1,1
0,24,0,0,1,0,363,0,0
1,48,0,0,5,0,267,0,1
1,29,0,0,0,0,142,0,0
1,69,0,0,3,1,35,0,0
1,21,0,0,1,0,363,0,0
1,34,0,0,0,1,87,1,0
0,33,0,0,5,0,10,0,0
0,29,0,0,0,1,35,0,0
1,73,0,0,0,1,35,1,0
1,51,0,0,5,1,116,0,0
0,23,0,0,0,1,219,1,0
1,30,0,0,0,1,88,1,0
1,23,1,2,6,0,118,0,0
0,23,0,0,6,1,201,0,0
0,65,0,0,0,0,153,1,0
1,24,0,0,8,0,267,0,1
0,54,0,0,0,1,35,1,0
0,20,0,0,0,1,35,0,1
1,25,0,0,1,0,151,0,1
1,27,0,0,1,1,239,1,1
1,20,0,0,0,1,35,0,1
1,44,0,0,3,1,116,0,0
1,37,0,0,8,0,56,0,0
1,68,0,0,6,1,88,0,0
1,34,0,0,2,0,363,1,0
1,20,0,0,0,1,35,1,1
1,45,0,0,0,0,142,1,0
1,23,0,0,0,1,117,0,0
1,35,0,0,6,0,363,0,0
0,50,0,0,7,1,35,0,0
1,39,0,0,3,0,158,0,1
0,27,0,0,1,1,35,0,1
1,27,0,0,5,0,267,0,1
0,23,0,0,2,0,158,0,1
1,21,0,0,0,0,249,0,0
1,23,0,0,0,1,117,1,0
0,31,0,2,10,0,353,0,0
1,40,0,0,5,0,271,1,1
0,34,0,0,10,0,267,1,1
1,31,0,0,15,0,29,0,0
1,22,0,0,0,1,244,1,0
1,52,0,0,15,1,117,0,1
1,45,1,0,20,1,363,0,0
1,35,0,0,2,0,38,1,1
0,44,0,0,6,0,267,0,0
1,23,0,0,1,0,158,0,1
1,47,0,0,0,1,35,1,0
1,27,0,0,5,0,52,0,1
0,53,0,0,10,0,11,0,1
1,23,0,0,0,0,266,1,0
1,37,0,0,1,0,267,1,1
1,21,0,0,2,1,180,0,1
1,52,0,0,0,1,35,1,0
1,30,0,2,11,0,315,0,0
1,26,0,0,0,1,88,1,0
0,53,0,0,3,0,158,0,0
1,30,0,0,0,1,88,1,0
1,66,0,0,33,0,74,0,1
1,29,1,0,9,0,320,1,1
1,53,0,0,2,0,102,1,0
1,23,0,1,1,1,116,0,1
1,54,0,0,0,1,35,0,0
1,33,0,0,2,0,275,1,0
0,22,0,0,0,0,232,0,0
1,45,0,0,0,1,164,0,0
1,35,0,0,0,0,142,0,0
1,51,0,0,1,0,251,1,1
1,33,0,0,1,1,35,0,1
0,28,0,0,9,1,363,0,1
1,35,0,0,1,1,23,1,1
1,28,0,0,7,0,158,0,0
1,27,0,0,0,1,35,0,0
1,28,0,0,0,1,35,1,1
1,57,0,0,1,0,147,0,1
1,31,0,0,0,0,152,0,0
1,66,0,0,3,0,2,0,0
1,72,0,0,7,0,294,1,0
1,27,0,0,2,0,267,0,1
0,24,0,0,0,1,35,0,0
1,43,0,0,0,1,35,1,0
1,22,0,0,3,0,140,0,1
1,24,0,0,1,1,363,0,1
0,28,0,0,2,0,267,1,1
1,42,0,0,0,1,35,1,0
1,28,0,0,8,0,158,0,1
0,27,0,0,8,0,363,0,0
0,29,0,0,0,0,267,1,0
1,58,0,0,5,1,239,1,0
1,22,0,0,0,0,154,1,1
1,39,0,0,4,0,6,0,0
1,45,0,0,1,1,35,1,0
1,52,0,0,0,1,35,0,0
1,48,0,0,2,1,35,1,0
1,29,0,0,2,0,132,1,0
1,25,0,0,4,0,292,1,0
1,38,0,0,4,0,299,0,0
1,34,0,0,11,0,118,1,0
1,30,0,0,2,1,116,0,0
1,30,0,3,18,1,35,0,0
1,53,0,0,20,0,363,0,0
1,33,0,0,2,1,35,0,1
0,32,0,0,4,0,287,1,0
1,36,0,0,1,1,35,0,0
1,59,0,0,10,0,363,0,1
1,38,0,0,2,0,363,1,0
0,35,0,0,0,1,42,0,1
0,45,0,0,1,0,118,0,0
0,49,0,0,4,0,363,1,0
1,22,0,0,0,0,158,0,0
1,33,2,0,9,1,23,0,1
0,22,0,0,0,0,158,0,1
1,38,0,0,2,1,239,0,1
1,24,0,0,1,1,35,1,1
1,46,0,0,4,0,236,1,0
1,24,0,0,0,0,158,0,0
1,20,0,0,0,1,35,0,1
1,36,0,0,4,0,5,0,0
1,22,0,0,1,0,154,0,1
1,41,0,0,5,1,35,1,1
1,20,1,0,1,0,363,0,0
1,50,0,0,0,1,88,1,0
1,48,0,0,3,0,64,0,1
1,25,0,0,2,0,363,1,1
1,21,0,0,2,1,23,1,1
1,29,0,0,3,0,132,1,1
1,50,0,0,0,0,363,1,1
1,45,0,0,2,1,35,1,0
1,31,0,0,0,0,118,0,0
1,53,0,0,0,1,288,1,0
1,47,0,0,3,1,204,1,0
1,40,0,0,0,1,35,1,1
0,43,0,0,0,1,35,1,1
1,20,0,0,0,0,320,0,0
1,25,0,0,0,0,233,0,1
0,31,0,0,2,1,23,1,0
0,22,0,0,0,1,35,1,0
1,37,0,0,3,1,35,0,0
0,25,0,0,2,0,73,1,1
0,36,0,0,1,1,35,0,0
0,26,0,0,1,0,158,0,0
1,20,0,0,1,0,159,1,1
0,43,0,0,0,1,35,1,1
1,29,0,0,2,0,158,1,0
1,39,0,0,21,0,118,0,1
1,31,0,0,1,0,158,1,1
1,40,1,0,9,0,363,1,0
0,49,0,0,4,1,35,1,0
1,50,0,0,12,0,267,0,1
1,37,0,0,3,1,363,0,1
1,26,0,0,2,0,158,0,1
1,23,1,0,5,1,355,1,1
0,60,0,0,0,0,158,1,0
1,60,0,0,3,1,84,0,0
1,26,0,0,8,0,363,0,1
1,41,0,0,0,0,5,1,0
1,20,0,0,3,0,56,0,1
0,26,0,0,4,0,146,0,1
1,27,0,0,0,1,35,0,0
0,36,0,0,13,0,267,0,1
1,26,0,0,2,0,247,1,0
1,27,0,0,3,0,158,0,0
1,30,6,0,8,1,35,0,1
0,31,0,0,7,0,146,0,1
1,30,0,0,8,0,267,0,1
1,35,0,0,2,0,299,0,0
0,33,0,0,3,1,35,0,0
1,33,0,0,0,0,158,1,0
1,35,0,0,7,0,266,0,0
1,31,0,0,7,1,122,1,0
1,24,0,0,4,1,35,1,0
0,29,0,0,20,0,118,1,1
1,22,0,0,2,0,267,0,1
1,23,0,0,2,0,363,0,0
1,32,0,1,5,0,363,0,0
1,27,0,0,1,0,154,0,0
1,30,0,0,1,0,10,0,0
0,39,0,0,8,0,223,1,1
1,21,1,0,1,0,363,1,1
1,40,0,0,3,0,150,0,1
1,26,0,0,0,0,161,1,1
0,57,0,0,1,0,267,1,1
0,43,0,0,2,0,158,0,1
1,23,0,0,5,0,134,0,1
1,24,0,0,4,0,267,0,1
1,26,0,0,5,0,146,0,1
1,28,0,0,1,0,11,1,0
1,58,0,0,1,0,363,0,0
1,43,0,0,4,0,313,0,1
1,28,0,2,7,0,267,0,1
1,23,0,2,3,1,125,0,1
1,20,0,0,0,0,51,0,0
1,26,0,0,3,0,48,1,1
1,49,0,0,4,1,112,1,0
1,30,0,0,0,0,266,1,0
0,27,0,0,0,0,158,0,0
1,29,0,0,2,0,325,0,1
1,54,0,0,10,0,267,0,0
1,27,0,0,15,0,41,0,1
0,42,0,0,0,0,267,1,0
1,35,0,0,4,0,363,1,0
1,31,1,1,13,0,223,0,1
1,49,0,0,3,0,154,0,0
1,25,0,0,1,0,236,1,0
1,55,0,0,1,0,363,0,0
1,42,0,0,0,1,35,1,0
1,23,0,0,0,1,242,0,1
1,31,0,0,1,1,92,0,1
1,32,0,0,1,1,117,0,0
1,23,0,0,0,0,266,0,1
1,21,0,0,1,0,363,1,0
1,24,0,0,2,1,316,0,1
0,33,0,0,0,1,35,0,0
1,21,0,0,0,0,158,0,1
1,21,1,0,1,0,363,0,0
1,61,0,0,1,1,88,1,0
1,51,0,0,0,0,142,1,0
1,24,0,0,3,0,154,1,1
1,35,0,0,5,0,8,0,1
1,41,0,0,1,0,363,1,0
1,34,0,6,19,1,363,0,0
1,26,0,0,1,0,363,0,1
1,40,0,0,6,0,267,0,0
0,43,0,0,6,0,158,0,0
1,32,0,0,1,0,363,0,0
0,27,0,0,1,0,153,0,1
1,57,0,0,0,0,267,0,1
1,51,0,0,2,0,2,1,0
1,30,0,0,0,1,117,1,0
1,26,0,1,24,0,118,0,1
1,22,1,0,1,1,35,0,0
1,26,0,0,2,0,150,0,1
1,29,0,0,5,0,118,1,0
0,19,0,0,0,1,76,0,1
1,54,0,0,0,1,117,1,0
0,39,0,0,4,0,10,1,1
1,42,0,0,1,0,363,0,0
1,25,0,1,3,0,206,0,0
1,21,0,0,0,0,101,0,0
0,22,0,0,2,0,363,1,0
1,22,0,0,1,0,216,0,1
1,24,0,0,1,0,267,0,1
1,41,2,0,18,1,344,0,1
1,36,0,0,1,1,35,1,0
1,27,1,0,6,0,168,0,1
1,33,0,0,4,1,35,0,0
0,41,0,0,0,1,35,0,0
0,21,0,0,0,1,35,0,0
0,44,0,0,1,0,41,1,1
1,53,0,0,1,1,35,1,0
0,29,0,0,0,0,2,0,0
1,26,0,0,10,0,118,0,1
1,39,0,0,0,1,35,1,0
1,55,0,0,0,0,206,0,1
1,24,0,0,0,0,206,1,0
1,27,1,0,4,0,10,0,1
1,56,0,0,1,1,35,1,0
1,65,0,0,3,0,56,1,0
1,23,0,0,3,0,363,0,1
1,64,0,0,0,1,201,1,0
1,45,0,0,15,0,118,0,1
1,39,0,0,1,0,206,1,0
1,24,0,0,2,0,158,0,1
1,29,0,0,0,1,35,0,0
1,27,0,0,0,0,353,0,1
1,47,0,0,0,1,35,1,0
1,20,1,0,1,0,363,0,0
1,33,0,0,10,0,267,0,1
1,47,0,0,2,0,319,1,0
1,56,0,0,0,0,132,0,0
1,35,0,0,5,0,41,0,0
1,36,0,1,4,1,35,0,0
1,28,0,0,5,0,267,0,0
1,26,0,1,11,0,320,0,1
0,30,0,0,9,0,363,1,1
1,24,0,0,1,1,35,0,1
1,38,0,0,0,0,5,0,0
1,43,0,0,8,0,147,0,1
1,29,0,0,7,0,52,0,0
1,56,0,0,1,0,150,1,0
1,25,0,0,0,0,73,0,0
0,41,0,0,9,1,204,1,1
1,51,0,0,4,0,11,0,0
1,24,0,0,1,0,206,0,1
1,24,0,0,3,0,319,1,1
1,22,0,0,0,0,94,0,1
1,62,0,0,0,0,266,1,0
1,24,0,0,0,0,266,0,0
1,23,0,0,6,0,267,0,1
1,21,0,0,1,0,30,0,1
1,27,1,1,15,0,118,0,1
0,41,0,0,2,0,11,0,1
1,31,0,0,0,0,118,0,0
1,38,0,0,0,1,35,1,1
0,28,0,0,3,0,14,0,0
1,43,0,0,1,0,363,0,0
0,53,0,0,0,0,267,1,0
1,34,0,0,1,0,11,0,0
1,58,0,0,3,1,60,1,0
0,20,0,0,0,0,363,1,1
1,52,0,0,7,0,147,0,0
1,24,0,1,5,0,206,0,1
1,30,0,0,6,0,232,0,0
1,35,0,0,8,1,35,0,0
1,28,0,0,1,0,267,1,1
1,30,0,1,7,0,49,0,1
0,30,0,3,10,0,267,0,1
1,21,0,0,1,0,56,0,0
1,44,0,0,9,0,158,0,0
1,28,0,0,0,1,113,1,1
1,33,0,0,0,0,320,0,1
1,23,0,0,0,1,112,0,1
1,30,0,0,1,0,105,0,1
1,35,0,0,1,1,280,0,0
1,22,0,0,1,0,267,0,1
1,50,0,0,3,0,105,1,0
0,36,0,0,5,0,363,1,1
1,41,0,0,0,0,267,1,0
1,37,0,0,14,0,118,0,0
1,33,0,0,3,0,363,1,1
1,51,0,0,3,0,145,1,0
1,24,0,0,0,0,266,0,0
1,23,0,0,2,0,320,0,1
1,30,0,0,0,0,267,0,0
0,38,0,0,0,1,358,0,0
1,21,0,0,0,0,158,0,1
1,26,0,0,5,1,182,1,0
1,55,0,0,0,0,363,1,0
1,20,0,1,2,0,267,0,1
1,23,0,0,6,0,353,0,1
1,55,0,0,10,1,35,0,1
1,32,0,0,1,0,363,0,0
1,44,0,0,0,0,5,0,0
1,27,0,0,10,0,363,0,0
1,66,0,0,0,1,35,1,0
1,52,0,0,1,1,35,1,0
1,25,0,0,0,0,141,1,1
1,57,0,0,19,0,267,0,0
1,56,0,0,7,0,143,1,1
0,38,0,0,0,0,363,0,0
1,29,0,0,7,1,35,1,1
0,30,0,0,2,0,56,1,1
1,26,0,0,10,1,363,0,1
1,33,0,0,4,0,146,0,0
1,29,0,0,17,0,155,0,1
1,23,0,0,3,0,154,0,1
1,39,0,0,3,0,267,1,0
0,28,0,0,0,1,35,0,0
1,30,0,0,14,0,363,0,1
1,27,0,0,4,0,363,0,1
1,25,0,0,1,0,363,0,0
0,29,0,0,0,0,158,1,1
1,34,2,0,8,0,267,0,1
1,28,0,0,0,0,353,0,0
0,23,0,0,0,0,158,0,0
0,21,0,0,0,1,239,1,0
1,36,0,0,2,0,236,1,0
1,31,0,0,0,1,214,0,0
1,31,0,0,19,0,118,0,1
1,22,0,0,1,0,363,0,0
1,24,0,0,0,0,137,1,0
0,31,0,0,0,1,35,0,0
1,21,1,0,7,0,150,0,1
0,30,0,0,7,1,363,1,0
1,42,0,0,5,0,143,0,0
0,50,0,0,0,1,117,1,1
1,43,0,0,6,1,23,1,1
1,24,0,5,12,1,363,0,1
1,34,0,0,5,1,204,1,1
1,26,0,0,0,0,10,1,0
1,21,0,0,1,0,49,1,1
1,24,0,0,2,1,363,0,1
1,37,0,0,2,1,116,0,0
1,59,0,0,2,1,117,0,0
1,21,0,0,1,0,267,0,1
1,21,0,0,0,0,158,1,1
1,37,0,0,7,0,147,1,1
1,30,0,0,11,0,363,0,1
1,42,0,0,1,0,252,0,0
1,22,0,0,0,1,35,1,1
1,20,0,0,1,0,363,0,0
1,47,0,0,2,0,267,1,1
1,23,0,0,0,1,35,1,0
1,43,0,0,9,0,270,1,0
1,32,0,0,16,0,118,0,1
0,39,0,0,1,0,267,1,0
1,31,0,0,9,0,232,0,0
1,27,0,0,18,0,147,1,1
1,31,0,0,7,1,17,0,1
1,30,0,0,1,1,35,0,0
1,23,0,0,0,0,49,0,1
1,25,0,0,3,0,363,1,1
1,23,0,0,1,0,266,0,0
1,37,0,0,3,1,35,0,0
1,28,0,0,9,0,363,1,1
1,20,0,0,2,0,158,0,1
1,25,0,0,5,1,363,0,0
1,32,2,1,9,0,236,0,0
1,46,0,0,0,0,185,1,0
1,25,0,0,0,1,133,0,0
1,37,0,0,0,1,35,1,0
0,20,1,0,1,0,363,0,0
1,42,0,0,1,0,267,0,0
1,30,0,1,14,0,154,0,1
1,32,0,0,4,1,35,1,1
0,26,0,0,0,0,158,0,0
1,47,0,0,0,1,35,1,0
1,30,0,0,4,1,316,0,0
1,44,0,0,0,0,142,0,1
1,28,0,0,5,0,73,0,1
1,31,0,0,2,0,158,0,0
1,55,0,0,7,0,145,1,0
1,21,0,0,1,0,363,0,0
1,33,0,0,8,0,10,0,0
1,23,0,0,2,1,35,0,0
1,44,0,0,0,0,49,1,1
1,49,0,0,29,0,146,0,1
1,36,0,0,0,1,355,1,0
1,28,0,0,2,0,363,0,1
1,32,0,0,5,0,118,0,1
1,42,0,0,0,1,35,1,0
1,36,0,0,2,0,118,0,0
0,37,0,0,1,0,57,0,0
1,43,0,0,4,0,52,1,1
1,39,0,0,0,1,35,1,0
1,34,0,0,12,0,174,0,1
1,72,0,0,1,1,117,1,0
1,40,0,0,4,0,287,1,0
1,32,0,0,0,0,17,0,0
1,47,0,0,20,0,319,0,0
1,23,0,0,1,0,154,0,0
1,29,0,0,10,0,103,0,1
1,23,0,0,3,0,154,0,1
1,63,0,0,9,0,55,0,1
1,30,0,0,8,0,363,0,1
1,39,0,0,1,1,239,0,1
1,51,0,0,3,0,158,0,0
1,25,0,0,4,0,158,1,1
1,24,0,0,3,0,17,1,1
1,26,0,0,0,0,158,0,0
1,50,0,0,0,1,84,1,0
1,41,0,0,0,0,212,1,1
1,23,0,0,2,0,326,0,1
1,27,0,0,0,1,87,1,1
1,20,0,0,1,1,239,0,1
1,31,0,0,0,0,158,0,0
1,32,0,0,6,0,118,1,0
1,39,0,0,2,1,288,0,1
1,24,0,0,1,0,132,0,0
0,25,0,0,1,1,35,0,1
1,46,0,0,2,1,239,1,0
1,36,0,0,11,0,118,0,0
1,55,0,0,0,1,84,1,0
1,22,0,0,6,0,363,0,0
1,38,0,0,7,0,363,0,1
1,64,0,0,13,1,267,0,0
1,35,0,1,8,0,118,0,0
1,56,0,0,4,1,113,1,0
1,21,0,0,0,1,114,0,0
1,28,0,0,25,0,363,0,1
1,33,0,0,0,0,206,0,0
0,23,0,0,1,0,363,0,0
0,28,0,0,0,0,51,0,1
1,25,0,0,0,1,35,0,0
1,36,1,2,14,0,267,0,1
1,19,0,0,1,0,94,0,1
1,29,0,0,1,0,314,0,0
1,53,0,0,1,1,88,1,0
0,33,0,0,2,0,212,1,0
1,26,0,0,0,1,77,1,0
1,28,0,0,12,1,76,0,1
1,38,0,0,0,0,267,1,0
0,47,0,0,0,1,113,0,0
1,25,0,2,5,1,87,1,1
1,25,0,0,3,1,200,0,0
1,21,0,0,0,0,142,0,1
0,29,0,0,1,1,117,1,1
1,51,0,0,1,0,267,0,0
1,51,0,0,0,0,267,0,1
1,60,0,0,9,0,267,0,0
1,38,0,0,2,0,118,0,0
1,26,0,0,2,0,267,0,1
1,27,0,0,2,0,251,1,1
0,33,0,0,1,1,35,1,0
0,27,0,0,3,0,154,0,1
1,37,0,0,16,0,363,0,1
1,47,0,0,3,0,223,0,1
1,25,0,0,1,0,270,0,1
1,34,0,0,5,1,35,1,0
1,26,0,0,0,0,49,0,1
1,37,0,0,4,1,17,1,1
1,25,0,0,6,1,35,0,1
1,30,0,0,1,1,117,1,1
0,27,1,0,1,0,363,0,0
1,39,2,2,19,0,118,0,1
1,31,0,0,0,0,101,1,0
1,51,0,0,14,0,363,0,0
0,22,0,0,0,1,35,0,0
1,46,0,0,12,1,206,0,0
0,23,0,0,0,1,35,0,0
0,26,0,0,4,0,154,0,1
1,63,0,0,0,0,75,1,0
1,37,0,0,9,0,211,0,1
1,27,0,0,0,1,35,1,0
1,34,0,0,1,1,35,1,0
1,21,0,0,1,0,266,1,1
1,29,0,0,0,1,35,1,1
1,35,0,0,0,0,319,0,0
1,54,0,0,10,0,267,0,1
0,25,0,0,0,0,275,0,0
1,41,2,1,9,1,219,0,0
1,20,0,0,0,0,206,0,1
0,57,0,0,0,1,117,1,0
1,25,0,1,10,0,105,0,1
1,29,0,0,1,1,35,1,0
1,51,0,0,11,1,205,0,1
0,34,0,0,3,1,35,1,0
1,40,0,0,0,0,42,1,0
1,40,0,0,0,1,204,1,1
1,31,0,0,10,0,267,0,1
1,21,0,0,1,1,288,0,0
1,23,0,0,0,0,101,0,0
1,28,0,1,11,0,49,0,1
1,35,0,1,14,1,35,0,1
1,27,0,0,4,0,223,0,1
0,29,0,0,1,1,35,0,0
0,33,0,0,0,0,146,1,0
1,26,1,1,10,0,14,0,1
0,35,0,0,0,1,205,0,0
1,25,0,1,6,0,363,1,0
1,33,0,0,0,1,35,1,0
1,53,0,0,6,0,363,0,0
0,20,0,0,0,0,158,0,0
1,28,0,0,1,0,363,1,0
1,19,0,1,2,0,158,0,1
1,28,1,0,5,0,363,0,1
1,33,0,0,3,1,287,0,1
0,39,0,0,2,0,257,1,1
1,26,0,0,0,0,363,0,0
1,27,0,0,9,0,56,0,1
1,43,0,0,0,0,206,0,0
1,21,0,0,0,0,363,0,0
1,38,0,0,3,0,143,0,0
1,22,0,0,0,0,206,0,0
1,36,0,0,10,0,230,0,1
0,25,0,0,1,1,363,0,0
1,30,0,0,0,0,267,1,0
1,53,0,0,0,0,251,1,0
0,31,0,0,1,1,35,1,1
1,37,0,0,2,0,146,0,1
1,33,0,0,0,1,117,1,1
1,22,0,0,3,0,1,0,0
0,22,0,0,0,0,158,0,0
1,33,4,0,12,0,105,0,1
1,31,0,0,9,1,35,1,1
0,25,0,0,6,0,363,1,0
0,34,0,0,15,0,158,1,1
1,21,0,0,1,0,363,0,1
1,21,0,0,0,0,206,1,0
1,26,1,1,18,0,154,0,1
1,49,0,0,2,0,148,1,1
1,55,0,0,0,1,89,1,0
1,25,0,1,3,0,149,0,1
1,32,0,0,19,0,267,0,1
1,26,0,0,0,0,236,0,1
1,70,0,0,11,0,267,1,1
1,55,0,0,8,0,118,0,1
1,48,0,0,20,0,267,1,1
1,21,1,2,3,0,75,0,1
0,28,0,0,3,1,35,1,0
1,20,0,0,1,1,17,0,1
1,31,0,0,10,0,363,0,1
1,33,0,2,2,1,355,1,0
1,35,0,0,1,0,17,0,1
1,55,0,0,33,0,147,1,1
1,36,0,0,0,0,118,0,0
1,28,0,0,0,0,71,1,0
1,31,0,0,2,0,158,0,0
1,22,0,0,1,0,158,1,1
1,33,0,0,0,0,45,1,0
1,24,0,0,6,0,49,1,0
1,29,0,0,0,0,320,0,0
1,28,1,2,5,0,5,0,1
1,56,0,0,31,0,267,0,1
1,48,0,0,7,0,267,0,1
1,33,0,0,0,1,239,1,1
0,41,0,0,0,1,35,0,0
0,48,0,0,0,1,35,1,0
0,25,0,0,1,1,35,1,1
1,20,0,0,0,0,55,0,1
1,72,0,0,3,0,363,1,0
1,28,0,0,8,0,353,0,1
1,31,0,0,7,1,122,0,0
0,34,0,0,0,1,35,0,0
1,37,0,0,6,0,146,0,1
0,24,0,0,4,0,160,0,1
1,57,0,0,0,0,142,0,0
0,27,0,0,2,0,363,1,1
1,29,0,1,4,0,158,0,1
1,26,0,0,0,1,201,0,0
1,25,0,0,1,1,35,1,1
0,24,0,0,2,0,146,0,1
1,24,0,0,5,0,363,1,1
1,21,0,0,0,0,158,0,0
1,30,0,0,6,0,158,0,1
1,30,0,0,0,0,158,1,1
1,22,0,0,2,0,294,0,0
1,40,0,0,3,0,142,0,0
1,43,0,0,0,1,35,0,1
0,23,0,0,0,0,147,0,0
1,24,0,0,2,1,35,0,1
0,21,0,0,0,1,35,0,0
1,27,0,0,2,0,297,0,0
1,38,0,5,37,1,363,0,1
1,59,0,0,1,0,267,1,1
1,39,0,0,2,0,363,1,0
1,55,0,0,9,1,363,0,1
1,40,0,0,0,0,14,0,0
1,44,0,0,4,0,118,1,0
0,26,0,0,1,1,35,0,0
1,30,0,0,0,0,17,1,1
1,22,0,1,1,0,52,0,0
0,25,0,0,5,0,2,0,1
1,22,0,0,0,0,206,0,0
1,49,0,0,1,1,23,0,0
1,22,0,0,2,0,251,0,1
1,26,0,2,27,1,35,0,1
1,24,0,0,7,0,363,0,1
0,33,0,0,0,1,35,1,0
1,28,0,0,9,0,363,0,1
1,30,4,0,12,0,267,0,1
1,39,0,0,0,1,117,1,0
1,37,1,0,17,0,222,0,1
1,39,0,0,3,0,363,1,1
1,46,0,0,0,1,83,1,0
1,47,0,0,7,0,2,0,1
0,21,0,0,2,0,158,0,1
1,23,1,0,3,0,156,0,0
1,19,0,1,1,0,363,0,1
1,23,0,1,4,1,23,1,1
0,21,0,0,0,1,35,1,1
1,32,0,0,2,0,206,1,0
1,56,0,0,9,1,35,1,1
1,37,0,0,11,0,17,0,0
1,24,0,0,0,1,35,0,0
1,38,0,0,0,0,333,0,1
1,38,0,0,5,1,35,0,0
0,26,0,0,1,0,211,0,1
1,33,0,2,16,0,74,0,1
1,33,0,0,2,1,116,1,0
0,21,0,0,0,0,167,1,0
1,31,0,0,3,1,117,1,1
0,36,0,0,7,0,147,1,1
1,31,0,0,17,0,275,1,1
0,21,0,0,0,0,41,0,1
1,52,0,0,0,1,35,1,0
1,21,0,0,1,0,158,1,0
1,38,0,0,0,1,35,0,0
1,22,0,0,1,1,239,0,1
1,40,0,0,1,0,185,1,0
1,27,2,0,6,1,116,0,1
1,28,0,0,2,1,363,0,0
1,24,0,0,1,0,252,1,0
0,33,0,0,1,1,35,1,1
0,22,0,0,0,0,158,0,0
1,42,0,0,0,0,118,0,0
1,48,1,0,25,0,363,0,1
0,36,0,0,1,1,316,0,0
1,36,0,0,0,0,167,0,0
0,33,0,0,7,0,267,0,1
1,54,0,0,4,1,35,0,1
1,26,0,0,6,0,17,0,1
0,50,0,0,0,1,35,1,0
1,24,0,0,0,0,103,0,0
1,77,0,0,1,1,116,0,1
1,28,0,0,6,0,154,0,1
1,21,0,0,1,0,267,0,1
1,57,0,0,28,0,267,0,1
0,27,0,0,0,1,35,0,0
1,31,0,0,9,0,363,1,1
0,33,0,0,0,0,191,0,0
1,23,0,0,2,0,10,0,1
1,29,0,0,0,1,35,1,0
1,50,0,0,0,0,17,0,0
1,28,0,0,4,0,206,0,0
1,24,0,0,0,1,35,0,1
1,30,0,1,10,0,363,0,0
0,19,0,0,2,0,267,1,1
1,49,0,0,1,0,363,1,1
1,24,0,0,0,0,158,0,1
1,25,0,0,3,1,116,1,1
0,32,0,0,0,0,351,0,0
1,33,0,0,5,0,146,0,0
1,37,0,0,8,0,363,0,0
1,28,0,0,8,1,35,0,1
1,22,0,0,0,1,204,0,0
1,32,0,0,3,0,363,1,0
1,22,0,1,4,1,35,1,1
1,24,0,1,3,0,236,1,1
1,22,0,0,0,1,35,0,0
1,30,0,0,2,0,348,1,0
1,29,0,0,0,1,87,0,0
1,50,0,0,2,1,35,1,0
1,22,0,0,1,0,151,0,0
1,31,0,0,5,0,320,1,1
1,25,0,0,1,0,236,1,0
1,25,2,0,4,0,363,0,1
0,31,0,0,2,0,267,1,1
1,63,0,0,0,1,88,1,0
1,38,0,1,10,1,238,0,0
0,32,0,0,6,0,363,0,1
1,21,0,0,1,0,206,0,1
1,30,0,0,0,1,35,0,0
1,45,0,0,0,1,35,0,0
0,46,0,0,0,1,173,1,0
0,26,0,0,3,0,57,0,0
1,41,0,0,0,0,118,1,0
1,37,0,0,1,1,35,1,1
0,35,0,0,2,1,117,1,0
1,56,0,0,0,0,142,1,0
1,46,0,0,0,0,260,1,0
0,44,0,0,4,0,267,1,1
1,38,0,0,4,1,316,0,0
1,33,0,0,7,0,191,1,1
1,41,0,0,5,0,146,1,0
1,24,0,0,2,0,136,0,1
1,36,0,0,5,1,355,0,1
1,67,0,0,1,0,158,1,0
1,61,0,0,0,1,117,1,0
1,62,0,0,0,0,42,1,0
0,31,0,0,4,0,5,0,0
0,26,0,0,3,0,251,1,1
1,30,0,0,5,0,13,0,1
0,31,0,0,0,1,35,0,0
0,35,0,0,6,0,363,0,1
1,32,0,0,1,0,363,0,0
0,37,0,0,3,0,363,0,0
0,35,0,0,12,0,251,0,1
1,42,1,0,13,1,281,0,1
1,53,0,0,0,1,35,0,1
0,34,0,0,5,0,118,0,1
1,21,0,0,0,0,49,1,1
1,27,0,0,7,0,363,0,1
1,34,0,0,0,1,35,0,1
1,28,0,0,1,0,2,1,1
1,51,0,0,1,0,363,0,0
1,25,0,0,2,0,156,0,1
1,20,0,0,0,0,247,0,0
1,21,0,0,0,0,193,1,1
1,31,0,0,2,1,316,0,0
1,29,0,0,0,0,142,0,1
1,40,0,1,24,1,35,0,1
1,43,0,0,18,0,363,0,1
0,27,0,0,4,0,115,0,1
1,34,0,1,20,0,267,0,1
1,39,0,0,0,1,35,1,0
1,33,0,0,3,1,116,0,1
1,32,0,0,2,1,35,1,1
1,27,0,0,3,1,35,0,1
1,41,0,0,0,0,158,1,1
1,53,0,0,15,0,146,0,1
0,53,0,0,0,1,88,1,0
0,53,0,0,0,1,35,1,0
1,29,0,0,0,1,112,0,1
1,21,0,0,1,0,50,0,1
1,53,0,0,18,1,344,0,1
1,29,0,0,3,0,269,0,1
1,33,0,0,3,1,316,1,0
1,47,0,0,3,0,10,0,0
1,31,0,0,9,1,35,0,1
1,33,0,0,7,0,142,1,1
1,38,0,0,5,0,266,0,0
1,33,0,0,13,0,62,0,1
1,44,0,0,10,1,117,0,1
1,40,0,0,8,1,35,0,1
1,42,0,0,5,0,363,1,0
1,28,0,0,0,1,35,1,0
0,20,0,0,0,0,158,0,0
1,22,0,1,2,0,363,0,1
1,21,0,1,2,0,13,0,1
1,50,0,0,3,0,142,1,0
1,34,0,0,0,0,13,1,0
1,24,0,0,1,1,35,0,1
0,41,0,0,3,0,118,1,0
0,26,0,0,0,1,35,0,0
1,26,0,0,1,0,206,0,1
0,33,0,0,1,1,35,1,0
1,48,0,0,0,0,16,0,0
1,26,0,0,0,0,62,0,1
0,30,0,0,0,1,35,1,0
1,42,0,0,4,1,116,0,0
0,30,0,0,3,0,146,0,1
1,27,0,0,2,0,170,0,0
1,29,0,0,7,1,35,0,1
0,30,0,0,0,0,267,1,0
1,33,0,0,3,1,35,1,0
0,33,0,0,0,0,154,0,0
1,23,0,0,10,0,363,1,0
1,30,0,0,2,1,35,0,0
1,31,0,0,1,1,35,0,0
1,35,1,0,13,0,353,0,1
1,23,0,0,2,1,355,0,1
1,35,0,1,23,0,223,0,1
1,36,0,0,12,0,363,1,0
1,43,0,0,6,0,267,1,1
1,44,0,0,0,0,260,0,1
1,52,0,0,4,1,358,1,1
0,45,0,0,0,1,35,1,0
1,30,0,0,8,1,239,0,1
1,51,0,0,22,0,363,0,1
1,55,0,0,0,0,42,1,0
1,25,0,0,5,1,35,0,1
1,33,0,0,12,0,320,0,1
1,20,1,0,1,0,363,0,1
1,20,0,0,0,1,35,0,1
1,46,0,0,2,1,35,0,0
1,24,0,0,2,0,146,1,1
0,52,0,0,0,1,35,1,0
1,27,0,0,1,1,35,1,0
1,26,0,0,2,0,271,1,0
1,24,0,0,5,0,315,0,1
1,58,0,0,1,0,363,1,0
1,25,0,0,5,0,181,0,1
0,33,0,0,3,1,41,0,0
0,44,0,0,0,1,35,1,0
1,34,0,0,5,0,363,1,0
1,23,0,0,0,1,35,0,1
0,24,0,0,0,1,35,0,0
1,34,0,0,4,0,266,1,1
1,32,0,0,0,1,35,1,0
1,27,0,0,1,1,35,0,0
1,24,0,0,3,0,206,0,1
1,29,0,0,3,1,35,0,1
1,28,0,0,7,1,288,0,0
1,21,0,0,1,0,41,0,1
1,28,0,1,8,0,287,0,0
1,28,0,0,2,0,206,0,0
1,24,0,0,3,0,49,0,1
1,42,0,0,0,0,13,0,0
1,36,0,0,5,0,267,0,0
1,31,0,0,0,0,267,0,0
1,74,0,0,0,1,84,1,0
1,29,0,0,1,0,259,1,0
1,37,0,0,4,1,35,0,1
0,22,0,0,0,1,35,0,0
1,32,0,0,11,0,143,1,0
1,24,0,0,1,0,154,0,0
1,29,0,0,1,1,35,0,1
1,33,0,0,0,1,61,1,1
1,66,0,0,0,0,158,1,0
1,29,0,0,8,1,239,0,1
1,54,0,0,1,1,35,1,1
1,64,0,0,0,0,302,1,0
1,56,0,0,1,1,117,0,0
0,20,0,0,0,0,236,1,0
1,52,0,0,1,1,363,0,0
1,32,0,0,4,0,146,0,0
1,62,0,0,13,0,289,0,1
1,25,0,0,7,0,319,0,1
1,34,0,0,5,1,355,0,1
1,27,0,0,6,0,147,0,1
0,52,0,0,6,1,322,1,0
0,23,0,0,0,1,35,0,0
1,23,0,0,0,1,35,1,0
1,54,0,0,3,1,201,1,1
1,25,0,0,0,1,87,1,0
0,69,0,0,2,1,173,1,0
1,26,0,0,5,0,51,0,0
0,30,0,0,1,1,205,1,0
1,31,5,0,10,0,363,0,1
1,30,0,0,3,0,363,0,1
1,33,0,0,4,0,363,0,0
1,25,0,0,7,1,355,0,1
1,63,0,0,2,0,145,1,0
1,32,1,3,24,0,118,0,1
1,26,0,0,2,1,35,0,0
0,19,0,0,1,0,363,0,1
1,62,0,0,0,0,73,1,0
1,61,0,0,4,0,363,1,0
1,34,0,0,16,0,151,0,1
1,32,0,0,6,0,30,1,1
1,39,0,1,13,0,267,0,1
1,43,0,0,0,0,118,0,1
1,20,0,0,0,0,363,0,1
1,29,0,0,2,0,363,1,1
1,39,0,0,0,0,260,1,1
0,40,0,0,15,0,363,0,1
1,21,0,1,1,0,27,0,1
1,37,0,0,0,0,152,1,0
1,53,0,0,1,1,93,0,0
1,22,0,0,3,0,52,0,1
1,23,0,0,0,1,288,1,1
0,30,0,0,1,1,117,0,0
1,35,0,0,8,0,143,0,1
0,31,0,0,0,1,35,1,0
1,48,0,0,12,1,363,0,0
1,54,0,0,0,1,35,0,1
1,22,0,0,0,1,87,1,1
1,39,0,0,1,0,253,1,0
1,19,2,1,3,0,62,0,1
1,55,0,0,1,0,267,0,0
1,42,0,0,0,0,320,1,0
1,46,0,0,2,0,251,1,1
1,21,0,0,0,1,35,1,0
1,60,0,0,18,1,117,1,1
1,22,0,0,3,0,363,0,1
1,27,0,0,8,1,76,0,0
1,69,0,0,1,0,62,0,1
1,49,0,0,11,1,358,0,1
1,47,0,0,13,0,118,0,1
1,49,0,0,6,1,35,0,1
1,54,0,0,2,1,35,1,0
1,61,0,0,1,0,10,1,1
1,25,0,0,2,1,117,1,0
1,53,0,0,0,1,35,1,0
1,33,0,12,28,0,118,0,1
1,34,1,0,9,0,1,1,1
1,29,0,0,5,0,135,0,1
1,45,0,0,17,0,147,0,1
1,44,0,0,1,1,117,1,1
1,38,0,0,0,0,118,0,0
1,21,0,0,1,0,43,0,1
1,26,0,0,6,1,35,0,1
1,55,0,0,11,1,363,1,0
1,32,0,0,0,0,118,1,0
1,22,0,0,0,0,267,1,1
1,34,0,0,1,1,343,0,0
1,50,0,0,11,0,185,0,0
1,32,0,1,12,0,363,0,1
1,25,0,1,5,0,363,0,1
0,46,0,0,4,0,363,0,0
1,42,0,0,4,0,49,1,1
0,40,0,0,2,0,158,0,0
0,38,0,0,0,1,35,0,0
1,47,0,0,5,0,267,0,0
1,21,0,0,0,0,56,0,1
1,43,0,0,9,0,141,0,1
1,34,0,0,1,1,363,0,1
1,26,0,0,8,1,35,0,1
0,32,0,0,5,0,5,0,0
0,26,0,0,1,1,35,1,0
1,26,0,0,5,0,206,0,1
1,29,0,0,1,0,158,1,1
1,29,0,0,0,0,118,0,0
1,37,0,0,3,0,267,1,0
1,70,0,0,0,1,88,1,0
1,52,0,0,1,1,355,0,1
1,23,0,0,3,0,56,0,1
1,30,0,1,7,0,363,0,0
1,22,0,0,0,1,35,0,1
1,35,0,0,5,0,80,1,0
0,39,0,0,1,0,363,0,0
1,24,0,0,1,0,268,0,0
1,35,0,0,0,1,35,0,1
0,28,0,0,0,1,83,1,0
1,27,0,0,0,1,35,0,0
1,30,0,0,0,0,266,0,0
0,28,0,0,7,0,147,1,1
1,46,0,0,0,0,267,1,0
0,27,0,0,0,1,35,1,0
1,36,0,0,1,0,275,1,0
1,27,0,0,3,0,158,0,1
1,34,0,0,13,0,251,0,1
0,28,0,0,13,0,17,0,1
1,27,0,0,7,0,55,0,1
1,35,0,0,13,0,267,0,1
1,53,0,0,8,1,35,1,1
1,26,0,0,0,0,212,1,0
0,23,0,0,0,1,35,0,0
0,61,0,0,1,1,87,1,0
1,28,0,0,1,0,267,1,1
0,30,0,0,8,0,292,0,1
1,39,0,0,2,1,117,1,0
1,37,0,0,0,0,74,1,0
1,49,2,0,13,0,118,0,0
1,22,0,0,1,0,247,0,0
0,37,0,0,0,0,79,0,0
0,37,0,0,23,1,35,0,1
0,24,0,0,9,1,242,1,1
1,46,0,0,4,0,363,0,0
1,24,0,0,4,0,158,0,0
1,28,0,0,10,1,35,0,1
1,31,0,0,1,0,363,0,1
1,26,0,0,9,1,204,0,1
1,30,0,0,0,0,142,1,0
1,28,0,0,8,0,105,0,1
1,56,0,0,0,1,117,1,0
1,22,0,3,3,0,264,0,0
1,30,0,0,0,0,236,0,0
1,46,0,0,3,0,363,0,0
1,51,0,0,1,1,35,1,0
1,42,1,0,7,0,267,0,1
1,28,0,0,1,0,363,0,1
1,27,0,0,0,0,352,0,0
1,34,0,0,3,0,118,1,0
1,24,0,0,2,1,35,0,1
0,26,0,0,1,1,23,1,0
1,56,0,0,0,1,35,1,0
1,30,0,0,14,0,363,0,1
1,26,0,0,2,0,363,1,0
1,35,0,0,1,1,204,0,1
0,39,0,1,6,0,158,0,0
1,24,0,0,2,0,118,0,1
1,36,0,0,7,0,267,0,1
1,27,0,0,5,1,35,1,0
1,19,0,1,1,0,267,1,1
1,33,0,0,1,0,363,1,0
0,56,0,0,1,0,287,1,0
1,59,0,0,1,0,51,1,1
1,48,0,0,2,0,158,0,1
1,45,0,0,19,0,147,1,1
1,25,0,0,9,1,35,1,1
1,27,0,0,5,1,316,0,1
0,26,0,0,4,0,251,1,1
1,29,0,0,7,0,17,1,1
0,23,0,0,0,1,35,0,1
1,29,0,0,0,0,298,0,0
1,21,0,0,1,0,158,0,1
1,43,0,0,7,0,70,0,1
0,53,0,0,0,1,117,1,0
1,44,0,0,13,0,74,1,1
1,23,0,0,0,0,363,1,1
1,57,0,0,12,0,267,0,0
0,42,0,0,1,0,128,1,1
1,35,0,0,1,1,35,0,0
1,27,0,0,2,1,35,0,1
1,37,0,0,0,0,49,1,0
1,50,0,0,9,0,55,1,1
1,45,0,0,7,0,146,0,0
0,39,0,0,4,0,10,0,0
1,39,0,0,2,0,136,1,1
1,51,0,0,0,1,117,1,0
1,28,0,0,5,0,363,0,0
1,31,0,0,1,0,314,1,1
0,49,0,0,2,1,355,1,0
1,22,0,0,0,0,283,0,0
0,21,0,0,0,0,158,0,0
0,40,0,0,0,0,267,1,0
1,30,1,0,5,0,11,0,1
1,25,0,1,1,1,35,0,1
1,25,0,0,2,1,316,0,1
0,34,0,0,4,1,35,1,0
0,23,0,1,1,1,35,0,0
1,50,0,0,2,1,35,1,1
1,25,0,0,4,0,267,0,1
0,31,0,0,0,1,35,1,0
1,38,0,0,9,0,363,0,0
0,26,0,0,2,0,282,1,1
1,22,0,0,0,0,49,0,1
1,51,0,0,4,0,146,1,1
1,35,0,0,2,1,239,0,0
1,31,0,0,0,1,35,0,0
1,29,0,0,0,0,320,0,0
0,60,0,0,2,0,5,1,0
1,23,0,1,2,0,236,0,0
1,25,1,1,2,0,260,0,1
0,31,0,0,0,0,142,0,0
1,27,0,0,2,0,364,0,0
1,31,0,0,3,1,35,1,1
1,32,0,1,15,0,363,1,1
1,23,0,0,1,1,363,1,0
1,32,0,0,1,1,23,0,1
1,31,0,0,5,0,363,0,1
1,29,0,0,0,0,52,0,0
1,61,0,0,3,1,35,1,1
1,20,0,0,0,0,154,0,1
1,59,0,0,13,0,147,0,1
1,43,0,0,11,0,145,1,1
0,46,0,0,1,0,363,1,0
1,25,0,0,2,0,247,0,0
0,36,0,0,0,1,35,1,0
1,27,0,0,0,1,35,0,0
0,23,0,0,0,0,287,0,1
1,27,0,0,4,1,112,0,1
1,27,0,0,0,0,50,1,0
0,56,0,0,0,1,35,1,0
1,22,0,0,0,1,35,0,1
1,27,0,0,0,1,267,0,0
1,37,0,0,1,1,35,1,1
1,27,0,0,12,0,118,0,1
1,26,0,0,5,1,14,0,0
0,58,0,0,2,1,88,1,0
1,24,0,0,7,0,17,0,1
1,32,0,0,3,0,267,0,1
1,35,0,0,5,0,118,0,1
1,20,0,0,0,0,105,0,1
1,25,0,0,0,0,227,0,0
1,22,0,0,0,0,154,0,0
1,30,0,1,9,0,118,0,1
1,22,0,0,2,1,355,0,1
1,42,0,0,6,0,143,0,1
1,27,0,0,3,1,363,0,0
1,43,0,0,8,1,35,0,0
1,21,0,0,2,0,267,0,1
1,28,0,0,0,1,88,0,0
1,47,0,0,0,1,88,1,0
1,57,0,0,0,0,363,1,0
0,34,0,0,1,0,158,0,0
1,25,0,1,4,0,363,0,1
1,34,0,0,5,1,116,0,0
1,34,0,0,0,0,151,1,1
1,38,0,0,0,1,86,1,0
1,35,0,0,0,0,275,0,0
1,28,0,0,0,1,239,0,1
0,33,0,0,3,1,336,0,1
1,22,0,0,0,0,50,0,1
1,21,0,0,1,0,292,0,0
1,32,0,0,1,0,206,1,1
1,42,0,0,1,0,363,1,0
1,52,0,0,3,0,363,0,0
1,55,0,0,0,1,35,1,0
0,43,0,0,0,1,117,1,0
0,22,0,0,2,0,2,0,0
1,26,0,0,7,0,247,1,1
0,34,0,0,2,0,266,1,0
1,27,0,0,3,1,316,0,0
1,47,0,0,5,1,355,1,1
1,71,0,0,13,0,146,1,0
0,43,0,0,0,1,87,1,0
1,38,0,0,0,1,123,0,1
0,43,0,0,3,1,355,1,1
1,53,0,0,0,1,35,1,0
1,28,0,0,9,0,118,0,1
1,43,0,0,2,0,363,0,0
1,32,0,0,4,0,28,0,1
1,36,0,0,0,1,35,1,0
1,30,0,0,18,1,201,0,1
1,25,0,1,6,0,363,0,1
1,27,0,0,5,0,363,0,1
1,30,0,0,8,0,267,0,1
1,40,0,0,3,0,146,1,0
1,32,0,1,7,0,143,0,1
1,22,0,0,1,0,158,0,1
1,21,0,0,5,1,35,0,1
1,33,0,0,0,0,130,0,1
0,28,0,0,0,1,23,1,0
1,28,0,0,5,1,363,0,0
1,20,0,0,1,1,281,0,0
0,26,0,0,5,0,5,0,1
1,34,0,0,4,1,239,0,0
0,43,0,0,2,0,267,0,0
1,24,0,0,0,1,35,0,0
1,29,0,0,4,0,363,0,0
1,30,0,0,2,0,267,1,0
1,23,0,0,2,0,206,0,1
1,30,0,1,18,0,49,0,1
0,33,0,0,0,1,307,0,0
1,29,1,2,6,0,73,0,1
0,45,0,0,0,0,41,1,1
1,32,0,0,1,1,41,1,1
1,25,0,0,6,0,208,0,1
1,57,0,0,19,0,146,0,0
0,25,0,0,2,0,41,0,1
1,29,0,0,0,0,73,0,0
1,22,0,0,1,0,363,0,0
1,41,0,0,0,0,236,0,0
1,28,0,0,1,0,75,1,0
1,38,0,0,0,0,142,1,0
0,20,0,0,2,0,363,0,1
1,53,0,0,9,0,158,1,1
1,25,0,0,5,0,287,1,1
1,33,0,0,12,1,35,0,1
1,24,0,0,1,0,142,0,1
1,53,0,0,1,1,10,1,0
0,24,0,0,3,0,158,0,0
1,40,0,0,5,0,363,0,1
1,47,0,0,1,0,267,1,1
1,41,0,0,1,0,5,1,1
1,37,0,0,2,0,118,0,1
1,53,0,0,2,0,146,0,0
1,27,0,0,5,1,116,0,0
1,43,0,0,13,0,118,1,1
1,28,0,0,6,1,35,0,1
1,40,0,0,1,0,363,0,0
1,27,0,0,0,0,320,0,0
1,25,0,4,14,0,154,0,1
1,23,0,0,4,1,35,1,1
0,22,0,0,1,1,35,0,0
1,26,0,0,3,0,266,0,1
0,34,0,0,1,1,35,0,0
1,27,1,0,1,0,158,0,1
1,46,0,0,0,0,158,0,0
0,27,0,0,2,0,147,0,1
0,21,0,1,2,0,74,0,0
1,38,0,0,3,0,267,1,1
1,31,0,0,4,0,320,0,1
1,24,0,0,0,0,247,0,0
1,33,0,0,0,0,146,0,1
0,29,0,1,10,0,158,1,1
1,25,0,0,2,0,267,1,0
1,29,0,0,1,1,316,0,0
0,30,0,0,1,0,118,1,0
1,30,0,0,2,0,267,0,1
1,27,0,0,0,0,351,1,1
1,36,0,0,4,0,158,1,1
1,38,0,0,1,0,260,1,1
1,25,0,0,0,1,112,0,0
0,43,0,0,0,1,35,0,0
0,20,0,0,0,0,267,1,0
1,29,0,1,8,1,35,0,1
1,27,0,0,0,0,10,0,1
1,42,0,0,7,1,116,0,0
1,48,0,0,0,0,267,1,0
1,41,0,0,0,1,88,1,0
1,37,0,0,0,0,236,1,0
1,26,0,0,0,1,35,0,0
1,27,0,0,6,0,124,0,1
1,26,0,0,10,0,118,1,1
1,39,0,0,1,0,267,0,1
1,26,0,0,20,0,191,0,1
0,31,0,0,2,0,10,0,1
1,32,0,0,0,0,154,1,1
1,24,0,0,2,0,251,1,0
1,22,1,0,2,0,363,1,0
1,29,0,0,2,0,363,0,0
1,54,0,0,2,0,363,1,0
1,57,0,0,0,0,142,1,0
1,51,0,0,3,0,267,0,0
1,22,0,1,3,0,363,0,1
1,30,2,0,20,0,143,0,1
1,47,0,0,3,0,287,1,0
1,20,0,0,0,0,206,0,1
1,46,0,0,0,1,117,1,0
0,35,0,0,0,0,267,0,1
1,60,0,0,0,1,117,1,0
0,20,0,0,1,0,56,1,1
1,25,0,0,4,0,156,0,1
0,39,0,0,0,0,10,1,1
1,24,0,0,5,0,236,0,0
1,31,0,0,4,0,363,0,1
1,56,0,0,5,1,363,1,0
1,20,0,0,0,0,52,0,0
1,35,0,0,1,0,267,0,0
1,48,0,0,1,0,2,1,1
1,34,0,0,0,0,267,1,0
1,24,0,0,0,1,355,0,1
1,54,0,0,0,1,279,1,0
1,27,0,0,0,0,56,0,0
1,35,0,0,0,0,236,1,0
1,34,0,0,1,0,267,1,0
1,21,0,0,1,0,158,0,1
1,28,1,1,4,1,49,1,1
1,21,0,0,1,0,158,0,1
1,37,0,0,1,1,35,1,1
1,27,0,0,0,0,154,1,0
1,36,0,0,5,0,118,1,0
1,30,0,0,0,0,158,0,0
0,32,0,0,0,0,64,1,1
0,59,0,0,1,0,157,1,0
0,55,0,0,0,1,35,1,0
1,28,0,0,0,1,35,0,0
1,36,0,0,1,1,117,0,0
1,26,0,0,1,1,35,1,0
1,29,0,0,2,1,35,0,0
1,34,0,0,5,1,35,0,0
1,39,0,0,0,1,23,1,0
0,42,0,0,3,0,136,1,0
1,30,0,0,6,0,118,0,1
1,21,0,2,3,0,212,1,1
0,50,0,0,1,1,35,1,1
1,25,0,0,4,0,267,0,1
0,63,0,0,1,0,266,0,0
1,29,0,0,9,0,108,0,1
1,32,0,3,19,0,267,0,1
1,33,0,0,0,0,267,1,1
1,24,0,0,0,0,14,1,0
1,41,0,0,7,0,363,0,0
1,27,0,0,0,1,35,0,0
0,26,0,0,0,1,202,0,0
1,41,0,0,6,0,211,0,0
0,25,0,0,2,1,35,0,0
1,61,0,0,1,0,363,1,0
1,23,0,0,0,0,142,0,0
1,21,0,0,0,0,158,0,0
1,25,0,0,0,0,206,0,1
0,33,0,0,2,0,130,0,0
1,29,0,0,1,1,90,0,1
1,24,0,0,0,0,212,0,1
1,34,3,1,9,0,132,0,1
1,35,0,0,0,1,121,1,0
1,63,0,0,10,0,70,1,1
1,41,0,0,4,0,259,1,1
1,49,0,0,2,1,88,1,0
1,40,0,0,0,1,35,1,0
1,30,0,0,13,0,141,0,1
1,54,0,0,7,0,266,1,0
1,24,0,0,1,0,363,0,1
1,24,0,0,5,0,146,0,1
0,21,0,0,1,0,363,0,1
1,36,0,0,0,0,146,0,0
1,32,0,0,8,0,363,0,1
1,35,0,0,3,1,35,0,0
1,48,0,0,0,0,42,1,0
1,20,0,0,0,0,266,0,0
1,35,0,0,4,0,146,1,1
0,30,0,0,3,0,118,1,0
1,30,0,1,19,0,267,0,1
1,29,0,0,7,1,35,1,1
0,74,0,0,0,1,113,1,0
1,23,0,0,4,0,266,0,1
1,42,0,0,9,0,266,0,1
1,27,0,0,2,1,35,0,1
1,28,0,0,1,0,206,1,0
1,25,0,0,1,0,351,0,0
1,26,0,0,0,0,101,1,0
1,23,0,0,0,0,150,1,0
1,21,0,1,1,1,341,1,0
1,31,0,0,1,1,35,0,0
1,23,0,0,0,0,236,0,0
1,37,0,0,2,0,363,1,1
0,21,0,0,0,0,51,0,0
1,43,0,0,3,1,201,0,1
1,29,0,0,1,1,171,1,0
1,20,0,0,0,1,35,1,1
1,32,0,0,9,0,52,0,0
0,31,0,0,0,0,5,0,0
1,29,0,0,2,0,266,0,1
1,37,0,0,4,0,363,1,1
1,54,0,0,2,0,363,1,1
1,30,0,0,0,1,35,0,1
1,51,0,0,3,0,363,0,0
1,20,0,0,0,1,239,1,0
1,27,0,0,1,0,363,0,0
1,36,0,0,9,0,105,0,1
1,36,0,0,6,1,35,0,0
1,30,0,0,1,0,128,0,0
1,23,0,0,1,0,247,0,0
1,26,0,0,1,0,363,1,1
0,64,0,0,0,0,308,0,0
0,54,0,0,0,0,10,0,0
1,30,0,0,0,0,146,0,1
1,48,0,0,0,0,267,1,0
0,32,0,0,0,1,35,0,0
0,43,0,0,22,1,331,1,1
1,21,0,0,2,0,146,1,1
1,35,0,0,10,1,358,0,1
1,22,0,0,1,0,154,1,0
1,20,0,0,0,0,363,1,1
1,30,0,0,2,0,62,0,1
1,38,0,0,5,0,34,1,1
1,33,0,0,2,0,267,1,0
0,25,0,0,1,0,158,0,0
1,30,0,0,0,1,239,1,1
1,31,0,0,0,1,35,1,0
0,40,0,0,0,1,87,1,0
1,39,0,0,5,0,158,0,0
1,45,0,0,11,0,143,0,0
0,42,0,0,0,1,117,1,0
1,54,0,0,0,0,70,1,0
1,58,0,0,10,0,267,0,1
1,25,0,0,2,0,267,1,0
1,40,0,0,0,0,363,1,1
1,38,0,0,0,0,11,1,0
1,30,0,0,3,0,188,1,0
0,33,0,0,1,0,363,0,0
1,48,0,0,0,1,35,0,0
1,32,0,0,6,1,285,1,0
1,39,0,0,0,0,287,1,1
1,27,0,0,0,1,35,1,0
1,20,0,0,1,0,153,0,1
1,43,0,0,5,0,229,0,0
1,31,0,0,0,0,335,0,0
1,42,0,0,0,0,146,0,0
1,38,1,1,9,0,267,0,1
1,47,0,0,1,1,35,1,0
0,36,0,0,1,1,5,0,0
0,58,0,0,0,1,88,1,0
1,22,0,0,1,0,266,0,0
1,26,0,0,13,1,35,0,1
1,54,0,0,11,0,154,0,0
1,34,0,0,1,0,363,1,0
1,30,0,0,4,1,35,0,1
0,47,0,0,0,1,35,1,0
0,24,0,0,1,1,35,0,1
0,31,0,0,14,0,9,0,0
0,21,0,3,3,1,35,1,1
0,44,0,0,0,1,35,0,0
1,31,0,0,23,0,223,0,1
0,47,0,0,7,0,267,0,1
1,56,0,0,1,0,267,1,0
1,27,2,0,14,0,132,0,1
1,43,0,0,4,0,353,1,0
1,42,0,0,7,0,142,0,1
1,28,0,0,11,0,363,1,0
1,29,0,0,2,1,3,0,0
1,41,0,0,2,0,363,0,0
1,24,0,1,3,0,236,0,1
1,24,0,0,3,0,10,0,1
1,35,0,0,0,0,260,1,1
0,44,0,0,1,1,35,1,1
1,32,0,0,4,0,363,0,1
1,50,0,0,4,1,23,0,0
1,20,0,0,0,0,158,1,0
1,26,0,0,7,0,52,1,1
1,28,0,0,3,0,236,0,0
1,23,0,0,2,1,329,0,1
1,20,0,0,2,0,363,0,1
1,39,0,0,2,0,212,1,1
1,32,0,0,0,0,266,0,0
0,57,0,0,0,1,288,0,0
1,29,0,0,10,0,142,0,1
1,32,0,0,4,0,118,0,1
1,32,0,0,17,0,267,0,1
1,31,0,2,8,1,35,0,1
1,21,0,1,4,1,35,1,1
1,41,0,0,4,1,35,0,1
1,38,0,0,1,1,284,1,1
1,39,0,0,3,0,229,1,0
0,47,0,0,0,1,279,1,1
1,55,0,0,5,0,267,0,0
0,52,0,0,3,0,131,0,0
1,21,0,0,0,0,50,0,0
1,55,0,0,0,1,35,1,0
1,26,0,0,5,0,52,0,1
0,51,0,0,1,1,35,1,0
1,21,0,0,1,1,76,1,0
1,25,0,0,2,0,206,0,0
1,25,0,0,0,0,266,1,0
1,48,0,0,9,0,363,0,1
0,42,0,0,0,1,87,1,0
1,40,0,0,1,1,88,1,0
1,26,0,1,8,0,363,0,1
0,31,0,0,3,0,363,0,0
1,37,0,0,5,1,35,0,1
1,46,0,0,2,0,363,1,1
1,50,0,0,0,0,248,1,0
1,24,0,0,0,0,267,1,0
1,25,0,0,0,0,267,0,0
1,21,0,0,0,0,46,0,0
1,23,0,0,3,1,204,1,1
1,50,1,0,5,0,267,0,0
1,31,0,0,2,0,247,1,0
1,30,0,0,4,0,363,0,0
1,22,0,0,1,0,353,0,0
1,27,0,1,6,0,142,1,0
1,31,0,0,1,0,259,1,1
1,22,0,0,2,0,363,1,0
1,22,0,0,5,0,363,0,1
1,30,0,0,5,1,11,0,0
1,47,0,0,1,1,35,0,0
1,32,0,0,1,0,132,0,0
0,20,0,0,0,0,153,1,1
0,27,0,0,0,1,35,0,1
1,21,0,0,0,1,125,1,1
0,41,0,0,0,0,14,0,0
1,34,0,0,1,1,35,1,0
1,24,0,0,0,0,266,1,0
1,48,0,0,9,0,154,1,0
1,24,0,0,0,0,56,0,0
1,39,0,0,2,0,363,1,0
1,36,0,0,7,0,143,0,1
1,32,0,0,9,1,363,0,1
1,27,0,0,3,0,62,0,1
1,34,0,0,2,0,363,1,1
1,26,0,0,2,0,49,0,1
0,30,0,0,0,1,35,0,1
0,39,0,0,0,0,158,0,1
1,28,0,0,0,1,35,1,1
1,48,0,0,6,0,138,1,0
1,48,0,0,2,1,363,1,0
1,35,0,0,2,1,35,0,0
1,25,0,0,1,1,239,1,1
1,36,0,0,2,0,56,0,1
1,26,0,1,10,0,267,0,1
1,48,0,0,3,0,271,1,0
1,39,0,0,0,0,169,0,0
0,28,0,0,0,0,267,1,1
1,31,0,0,0,0,206,0,1
0,23,0,0,0,0,270,0,0
1,36,3,0,16,0,363,0,1
1,31,3,0,16,0,118,0,1
1,44,0,0,11,1,35,1,0
0,59,0,0,2,0,158,1,0
0,68,0,0,5,0,267,0,0
0,45,0,0,1,0,260,1,1
1,30,0,0,5,0,158,1,1
1,21,0,0,2,0,320,0,1
0,33,0,0,0,0,10,0,0
1,47,0,0,22,0,146,0,1
1,31,0,0,11,0,363,1,1
1,25,0,0,1,1,35,0,0
1,25,0,0,2,1,202,1,0
1,34,0,0,4,0,118,1,0
1,26,0,0,10,0,363,1,1
1,31,0,0,2,0,208,0,1
1,27,0,0,13,1,239,0,1
1,22,0,0,3,0,353,0,1
1,28,0,0,6,0,62,0,1
1,24,0,0,8,0,363,1,0
1,26,0,0,5,0,6,0,1
1,56,0,0,16,0,267,0,0
1,29,0,0,0,0,267,1,0
1,30,0,0,0,1,35,0,0
1,36,0,0,0,0,267,1,0
1,27,0,0,2,0,320,0,1
1,44,0,0,0,0,292,0,0
1,27,0,0,0,0,267,1,1
1,20,0,0,0,0,206,0,1
1,29,0,0,1,1,316,0,0
1,26,0,0,9,1,360,1,1
1,23,0,0,1,0,267,1,1
1,61,0,0,0,1,117,1,0
1,41,0,0,3,1,117,1,0
1,22,0,0,0,0,267,0,1
1,26,1,3,24,1,288,0,1
1,33,0,0,14,0,118,0,1
0,42,0,0,0,0,64,1,0
0,26,0,0,0,1,292,0,0
1,29,0,0,3,0,267,1,1
1,25,0,0,2,0,206,1,0
0,30,0,0,0,1,35,1,0
0,51,0,0,4,0,363,1,0
1,25,0,0,0,0,158,0,0
0,31,0,0,0,0,146,0,1
1,74,0,0,2,0,363,1,0
1,41,0,0,0,1,88,1,0
1,52,0,0,1,0,363,1,0
1,31,0,0,15,0,363,0,0
1,24,0,0,1,1,35,0,0
0,34,0,0,1,1,35,0,0
1,26,0,0,5,1,23,1,0
0,37,0,0,0,1,35,0,0
0,40,0,0,0,0,267,1,0
1,24,0,0,0,0,158,0,0
1,24,0,0,2,1,35,0,1
1,34,0,0,5,0,158,0,1
1,27,0,0,0,0,73,0,0
1,44,0,0,0,0,118,1,0
1,56,0,0,1,1,35,1,0
1,46,0,0,26,0,56,1,1
1,22,0,0,0,0,211,0,1
0,23,0,0,0,0,10,0,1
1,43,0,0,12,0,136,1,0
0,20,0,0,0,0,158,0,0
1,32,0,0,7,0,146,0,0
0,22,0,0,0,0,158,0,0
1,46,0,0,10,0,142,0,1
1,45,0,0,1,1,88,1,0
1,32,0,0,0,1,35,0,0
1,30,0,0,0,0,62,0,0
1,22,0,0,3,0,158,0,0
1,31,0,1,3,0,142,0,0
1,50,0,0,5,0,363,1,0
1,28,0,0,6,0,115,0,0
1,24,0,0,1,1,35,0,1
1,39,0,4,10,1,363,0,0
1,25,0,0,5,0,275,1,1
1,58,0,0,0,1,35,1,0
1,39,0,0,19,1,35,0,1
1,23,0,0,0,0,363,0,0
1,38,0,0,5,1,148,1,1
1,31,0,0,8,0,118,0,1
1,24,0,0,3,1,112,1,1
1,52,0,0,4,1,35,0,0
1,29,0,0,0,0,236,0,0
1,37,0,0,22,0,363,0,1
1,58,0,0,1,0,267,1,0
0,51,0,0,0,1,35,1,1
0,65,0,0,0,1,88,1,0
1,40,0,0,0,0,13,0,0
1,28,0,0,7,0,363,0,1
1,37,0,0,1,0,147,0,0
1,56,0,0,5,0,176,0,1
1,39,0,0,3,0,363,0,0
1,30,0,0,3,1,357,0,1
1,31,0,0,0,1,355,1,0
0,33,0,0,2,0,271,1,0
0,29,0,0,5,0,142,0,0
0,34,0,0,12,0,267,1,1
1,21,0,0,0,1,35,0,0
1,36,0,0,0,0,41,0,0
1,29,0,0,6,1,35,0,1
1,35,0,0,2,1,35,1,0
1,27,0,0,1,1,316,1,1
1,49,0,0,8,0,353,1,0
1,27,0,0,0,1,35,0,1
1,44,0,0,4,0,118,1,0
1,27,0,0,13,0,363,0,1
1,22,0,0,0,1,281,0,0
1,21,0,0,1,0,363,0,0
1,33,0,0,0,1,35,1,0
1,22,0,0,0,0,174,1,0
1,23,0,0,1,0,267,0,0
0,46,0,0,2,0,158,0,1
0,31,0,0,0,0,154,1,1
1,59,0,0,3,1,35,1,0
1,51,0,0,3,0,154,1,0
1,50,0,0,1,0,142,1,0
1,21,0,0,1,0,62,1,1
1,24,0,0,1,0,266,1,1
1,26,0,0,4,1,355,1,1
1,27,0,0,2,0,363,0,0
0,24,0,0,1,0,363,1,0
1,29,0,0,2,0,363,0,0
1,22,0,0,0,0,56,0,1
0,46,0,0,1,0,140,1,0
1,35,0,0,4,1,35,0,0
1,45,0,0,4,1,363,1,1
1,28,0,0,0,0,142,1,1
1,32,0,0,9,1,330,1,1
1,25,0,0,1,0,236,0,0
1,21,0,1,2,1,35,0,1
1,28,1,1,5,0,8,0,0
1,44,0,0,0,0,292,0,0
1,33,0,0,9,0,262,1,0
1,34,0,1,10,0,363,0,1
1,27,0,0,1,0,266,0,1
1,39,0,0,0,0,154,1,0
0,49,0,0,3,0,158,1,0
1,48,0,0,4,0,118,0,0
1,27,0,0,21,0,223,0,1
1,50,0,0,2,0,267,1,0
1,21,0,0,0,0,320,1,0
1,33,0,0,0,0,271,1,0
0,30,0,0,0,1,117,1,0
0,51,0,0,0,1,117,1,1
1,29,0,0,16,0,150,0,1
0,35,0,0,4,1,35,1,0
1,50,0,0,18,0,118,0,1
1,67,0,0,3,0,363,1,0
0,40,0,0,0,1,116,1,0
1,30,0,0,5,0,118,0,1
1,21,0,0,1,0,158,0,1
1,31,0,0,6,0,146,0,1
1,35,0,0,1,0,206,0,0
1,43,0,0,0,0,142,0,0
1,37,1,6,13,0,191,1,0
1,26,0,0,0,0,73,0,0
1,29,0,0,4,0,267,1,0
1,20,0,0,0,0,158,1,1
0,30,0,0,7,1,35,0,1
1,33,0,0,2,0,5,0,1
1,42,0,0,1,0,8,1,1
1,21,0,0,1,0,363,1,0
1,23,0,0,3,0,5,1,0
0,52,0,0,0,1,35,1,0
1,27,0,0,2,0,320,0,1
1,23,0,2,4,0,236,0,1
0,65,0,0,1,0,10,1,0
0,24,0,0,0,0,140,0,0
1,34,0,0,5,0,1,0,0
1,33,0,0,10,1,35,1,0
1,27,0,0,6,0,260,0,1
1,39,0,0,6,0,17,0,1
1,25,0,1,9,0,363,0,0
1,27,0,0,3,1,151,1,0
1,26,0,0,1,0,363,0,1
0,40,0,0,0,1,35,1,0
0,27,0,0,0,0,158,1,1
1,27,0,5,27,1,239,0,1
1,32,0,0,5,0,363,1,1
0,28,0,0,0,0,10,0,0
1,29,0,0,2,1,149,1,0
1,31,0,0,11,0,223,0,1
1,30,0,0,1,0,167,0,0
1,48,0,0,0,1,87,1,0
1,28,0,0,3,0,158,1,0
1,27,0,0,4,0,363,0,0
1,22,0,0,3,0,363,0,0
1,27,0,0,4,0,206,0,1
1,21,0,0,0,1,56,1,0
0,37,0,0,2,0,363,0,0
1,59,0,0,1,0,267,0,0
1,35,0,0,2,0,335,0,0
1,30,0,0,1,0,267,1,1
1,21,0,0,1,0,363,0,0
1,22,0,0,1,0,294,0,1
1,41,0,0,1,0,363,1,0
0,28,0,0,4,0,267,0,1
1,24,0,0,0,0,236,0,0
1,49,0,0,0,1,88,1,0
1,21,0,0,1,0,56,0,0
1,21,0,1,1,0,292,0,0
1,27,0,0,5,0,260,0,1
0,24,0,0,0,1,77,0,0
1,26,0,0,6,0,363,0,0
1,33,0,0,16,0,118,0,1
1,43,0,0,8,0,363,1,0
1,21,1,0,1,0,103,1,1
1,28,0,0,1,1,35,0,0
1,27,0,0,10,0,363,0,1
1,34,0,0,0,0,42,0,0
1,57,0,0,8,0,143,0,1
1,31,0,0,13,0,363,1,1
1,41,1,1,24,0,267,0,1
1,29,0,0,6,0,353,1,1
0,49,0,0,0,0,287,1,0
1,43,0,0,1,0,191,1,0
1,51,0,0,12,0,267,0,1
1,30,0,0,4,1,239,0,0
1,34,0,0,22,0,118,0,1
1,33,0,0,1,0,142,0,0
1,54,0,0,28,0,267,0,1
1,25,0,0,0,0,353,0,0
1,44,0,0,1,0,52,1,0
1,24,0,0,2,1,336,0,1
0,36,0,0,1,0,118,0,1
1,56,0,0,1,0,318,1,1
1,26,0,0,0,0,47,0,0
1,23,0,0,4,1,239,0,1
1,28,2,1,11,0,150,0,0
1,48,0,0,1,0,267,1,0
1,34,0,0,0,1,35,1,0
0,25,0,0,0,1,35,1,0
1,24,0,0,2,0,143,0,1
1,24,0,0,0,1,239,0,1
0,38,0,0,1,1,205,1,1
0,30,0,0,2,1,35,1,1
0,26,0,0,0,1,127,1,0
1,21,0,0,3,0,206,1,1
1,21,0,0,0,0,158,0,1
1,30,0,0,0,1,87,0,1
1,42,0,0,1,0,363,1,0
1,32,0,0,6,1,35,1,0
1,29,0,1,17,0,118,0,1
1,65,0,0,2,1,361,0,1
1,26,0,0,7,0,158,0,1
0,28,0,0,7,0,363,1,1
1,47,0,0,2,1,35,1,0
1,61,0,0,12,0,143,0,0
0,43,0,0,0,1,35,1,0
1,31,0,0,0,1,11,0,0
1,29,0,0,7,0,363,0,0
1,25,0,0,0,1,35,1,0
1,24,0,0,0,0,251,1,0
1,58,0,0,21,1,363,0,1
0,23,0,0,0,1,35,0,0
1,33,0,0,4,0,267,0,0
1,42,0,0,2,0,267,0,0
1,32,0,0,7,0,154,0,1
1,68,0,0,0,1,112,1,0
1,25,0,0,2,1,117,1,1
0,38,0,0,5,0,363,1,1
0,29,0,0,5,0,363,0,1
1,21,0,0,0,0,158,0,0
1,22,0,0,0,0,246,0,0
1,24,1,2,3,1,35,1,0
1,24,0,0,1,0,55,0,1
1,39,6,1,17,0,267,1,1
1,32,0,0,0,0,267,0,1
1,25,0,0,5,0,206,0,1
1,24,0,0,0,0,250,0,0
1,29,0,0,7,0,226,0,1
1,31,0,0,0,0,56,1,1
1,23,0,0,0,0,154,0,0
1,39,0,0,2,1,35,1,0
1,41,0,0,0,1,35,0,0
1,31,0,3,25,1,288,0,1
1,45,0,0,1,0,363,0,0
0,36,0,0,0,0,5,0,0
1,27,0,0,10,0,363,0,1
0,47,0,0,1,0,363,1,1
1,29,0,0,0,0,118,0,1
1,29,0,0,0,0,154,0,0
1,24,0,0,4,0,154,0,1
1,40,0,0,2,0,146,0,0
0,41,0,0,1,1,35,1,0
1,31,0,1,4,0,363,1,1
1,50,0,0,0,1,117,1,0
1,48,0,0,0,1,35,1,0
1,35,0,0,0,0,267,1,1
0,24,0,0,3,0,158,0,1
1,27,0,0,3,0,267,0,1
1,49,0,0,1,1,35,0,0
1,30,0,0,0,1,85,1,0
0,35,0,0,7,0,118,0,1
1,28,0,0,1,1,35,1,0
1,24,0,0,0,0,247,0,1
1,32,0,0,4,0,101,1,1
1,20,0,0,0,0,155,1,1
0,24,0,0,2,0,48,0,1
1,37,0,0,0,0,158,1,1
1,24,0,0,2,0,266,1,0
0,36,0,0,5,0,41,0,1
0,43,0,0,0,1,154,1,0
1,21,0,0,1,1,56,0,0
1,33,0,0,1,0,363,1,0
0,33,0,0,1,1,35,0,0
1,23,0,0,3,1,204,1,1
1,46,0,0,5,0,3,0,1
1,42,0,0,0,1,239,0,0
1,31,0,0,0,0,275,1,0
1,30,0,0,1,0,158,1,1
0,41,0,0,2,1,41,0,0
1,29,0,0,1,0,363,0,1
1,63,0,0,3,1,334,0,0
1,58,0,0,1,0,138,1,0
1,24,0,2,8,0,363,0,1
0,26,0,0,0,1,35,0,0
1,52,0,0,4,1,35,1,0
0,25,0,0,1,0,5,0,0
1,45,0,0,2,0,267,1,0
1,26,0,0,1,1,35,0,0
1,62,0,0,0,1,87,1,0
1,43,0,0,0,1,35,0,0
1,23,0,0,0,0,320,0,0
1,26,0,0,2,0,118,0,0
1,68,0,0,4,1,35,1,0
1,21,0,0,0,0,158,0,1
1,46,0,0,2,0,310,1,0
1,41,0,0,19,0,98,0,1
1,40,0,0,8,1,23,0,1
0,39,0,2,22,0,267,0,1
0,34,0,0,0,0,154,1,0
1,29,0,0,1,1,116,1,0
1,37,0,0,4,1,35,1,1
1,21,0,0,0,0,158,0,1
1,56,0,0,3,1,35,1,0
0,54,0,0,2,0,363,1,0
1,24,1,0,9,1,363,0,1
1,29,0,0,0,1,35,0,1
1,30,0,0,4,0,118,0,0
1,29,1,0,8,0,267,0,1
1,26,0,3,8,0,293,1,1
1,23,0,0,0,0,10,1,1
0,45,0,0,1,0,146,1,0
1,60,0,0,0,0,158,0,0
1,26,0,0,4,0,154,0,1
1,29,0,0,11,0,118,0,1
1,21,0,0,2,0,267,0,1
1,34,0,0,2,0,266,0,0
1,23,0,0,1,1,35,0,0
1,53,0,0,3,0,363,1,1
0,24,0,0,1,0,297,0,1
0,23,0,0,3,0,154,0,1
1,43,0,0,2,0,363,0,0
0,21,0,0,0,0,294,0,1
1,31,0,0,9,0,17,0,1
1,57,0,0,1,0,13,1,0
1,25,0,0,4,0,132,1,0
0,30,0,0,3,0,363,1,1
1,26,0,0,2,0,158,0,1
1,40,0,0,8,0,275,1,1
0,36,0,0,2,0,5,1,0
1,29,0,0,1,0,132,0,0
1,22,0,0,1,0,49,0,1
1,51,1,0,19,0,147,0,0
0,32,0,0,2,0,267,1,1
1,47,0,0,3,1,35,1,1
0,32,0,0,3,0,290,0,1
1,27,0,0,0,0,49,1,0
0,57,0,0,4,0,363,1,0
1,22,0,0,0,0,267,0,1
1,32,0,0,0,1,116,1,0
1,27,0,0,12,0,156,0,1
1,33,0,0,2,1,116,0,0
0,40,0,0,0,0,267,1,0
1,24,0,0,0,0,227,0,0
1,32,0,0,0,1,266,0,0
1,21,0,0,0,1,35,0,0
1,54,0,0,4,0,267,0,1
1,35,0,0,0,1,35,0,1
0,33,0,0,1,1,239,1,0
1,29,0,0,0,1,35,0,0
1,25,0,3,15,0,236,0,1
1,26,0,0,9,1,239,1,1
0,22,0,1,3,1,205,0,0
0,62,0,0,0,1,182,1,0
1,62,0,0,3,1,35,1,0
1,22,0,0,2,0,73,0,1
0,29,0,0,9,1,205,0,1
0,19,0,0,0,1,122,0,1
1,51,0,0,2,0,143,0,0
1,54,0,0,0,0,41,1,0
1,25,0,0,1,0,140,0,0
1,27,0,0,0,1,64,0,1
1,33,0,0,1,0,11,1,0
1,22,0,0,2,0,155,0,1
1,41,0,0,0,1,117,1,0
1,28,0,0,1,0,267,0,1
1,45,0,0,0,1,117,0,0
1,28,0,0,1,1,35,0,1
0,23,0,0,1,0,363,0,0
0,48,0,0,0,0,10,0,0
1,38,0,0,2,0,267,0,1
1,41,0,0,19,0,363,0,0
0,21,0,0,0,1,35,0,0
1,23,0,0,0,0,174,0,0
1,24,0,0,3,0,158,1,1
0,50,0,0,1,0,363,0,0
1,52,0,0,1,0,320,0,0
0,34,0,0,0,0,212,0,0
1,33,0,0,0,0,49,0,0
1,23,0,1,1,1,35,1,0
1,28,0,0,0,0,146,0,0
0,19,0,0,1,0,56,0,1
1,22,0,0,0,0,251,1,0
1,23,0,0,1,0,268,0,1
0,57,0,0,0,1,112,1,0
1,36,1,0,26,0,211,0,1
1,28,0,1,18,0,267,0,1
0,27,0,0,3,0,292,0,0
1,27,0,0,2,1,239,0,0
1,29,0,0,0,0,230,0,0
1,28,0,8,12,0,267,0,1
1,19,1,0,1,0,363,0,1
1,21,0,0,0,0,158,0,1
0,23,0,0,1,0,363,0,0
0,28,0,0,0,1,35,0,0
1,29,0,0,3,0,363,0,1
1,26,0,1,5,0,287,0,0
1,47,0,0,13,1,35,1,1
0,38,0,0,3,0,363,1,0
0,28,0,0,0,0,5,0,0
1,24,0,0,0,1,239,0,0
1,26,0,0,1,0,363,0,0
1,20,0,0,1,0,56,0,1
0,35,0,0,0,0,287,1,1
1,24,0,0,6,0,287,0,1
1,31,0,0,3,0,51,0,1
1,27,0,0,4,0,158,0,1
1,31,0,0,3,1,117,1,0
1,44,0,0,1,0,339,0,0
1,29,0,0,6,0,363,0,1
0,23,0,0,2,0,363,0,1
1,27,0,0,3,1,35,0,1
1,32,0,0,3,0,143,1,0
1,57,0,0,2,0,178,1,0
0,39,0,0,0,1,182,1,1
1,45,0,0,2,1,60,0,0
1,36,0,0,2,0,363,0,1
0,22,0,0,0,1,35,0,0
1,28,0,0,5,0,363,1,1
1,27,0,0,0,1,35,1,0
1,25,0,0,0,0,158,1,0
1,47,0,0,19,0,267,0,1
1,33,0,0,3,0,267,0,1
0,29,0,0,0,1,35,1,0
1,27,0,0,0,1,35,1,0
0,23,0,0,0,1,35,0,0
1,49,0,0,0,0,267,1,0
0,21,0,0,0,0,105,0,1
1,23,0,0,6,0,251,1,1
1,25,0,0,2,0,158,1,0
1,40,0,0,15,0,206,0,1
0,24,0,0,0,1,35,1,1
1,38,1,0,10,0,55,1,1
0,70,0,0,1,0,363,0,0
1,31,0,0,0,0,267,0,1
1,51,0,0,2,1,355,1,1
1,36,0,0,0,0,339,1,0
0,35,0,1,3,0,5,1,0
0,56,0,0,3,0,346,1,0
1,35,0,0,2,1,358,1,1
0,40,0,0,4,0,267,1,0
0,52,0,0,0,0,49,0,0
1,21,0,0,0,0,363,1,0
1,55,0,0,0,1,35,0,1
1,26,0,0,2,0,150,0,1
1,52,0,0,16,0,270,1,1
1,31,3,0,6,0,287,0,1
1,24,0,0,0,0,267,1,0
1,21,0,0,0,0,236,1,1
1,32,0,0,0,0,42,0,0
1,46,0,0,1,1,357,1,0
1,27,0,1,4,1,35,1,1
1,60,0,0,13,0,259,0,0
1,44,0,0,5,0,363,1,0
0,65,0,0,1,1,182,1,1
1,21,0,2,2,0,272,1,1
1,28,0,2,21,0,118,0,0
1,59,0,0,0,1,35,1,0
1,30,0,0,5,0,105,0,1
1,38,0,0,2,1,35,1,0
1,22,0,0,0,0,27,0,0
1,22,0,0,0,0,101,1,0
1,23,0,0,0,1,35,0,1
1,49,0,0,1,1,143,1,0
0,55,0,0,0,0,42,1,0
0,29,0,0,0,1,35,1,0
1,50,0,0,3,1,284,1,1
1,26,0,0,7,0,211,0,0
1,46,0,0,14,0,118,1,1
0,37,0,0,0,1,35,1,0
1,56,0,0,2,1,35,1,0
1,24,0,0,2,0,49,1,1
1,32,0,0,0,1,35,0,0
0,42,0,0,16,0,287,0,0
1,34,0,0,2,0,363,0,0
1,22,0,0,0,0,158,0,0
1,44,0,0,0,1,35,1,0
0,22,0,0,0,0,158,0,0
1,29,0,0,0,1,287,0,0
1,59,0,0,8,0,267,0,0
1,26,0,0,2,0,158,1,1
1,36,0,0,0,0,142,1,0
1,25,0,0,7,0,46,1,1
1,21,0,2,2,0,158,0,1
1,29,0,0,1,1,35,0,1
0,52,0,0,3,1,117,1,0
1,35,0,0,0,1,35,1,0
1,70,0,0,1,1,35,1,0
0,45,0,0,1,1,35,1,0
1,39,0,0,6,0,363,1,0
1,39,0,0,7,0,17,0,1
0,41,0,0,0,1,35,1,0
1,46,0,0,4,0,354,1,0
1,24,0,1,7,1,35,0,0
1,38,0,0,2,0,5,0,1
0,27,0,0,0,1,35,0,0
1,41,0,0,3,1,35,1,1
1,26,0,0,2,1,239,0,0
1,35,0,0,1,0,363,1,0
1,27,0,0,3,0,363,0,1
1,60,0,0,0,1,205,1,1
1,34,0,0,1,0,158,1,0
1,24,0,1,8,0,136,1,1
1,44,0,0,2,1,35,1,1
0,62,0,0,1,1,117,1,1
1,19,0,2,2,0,223,0,1
1,49,0,0,2,0,191,0,0
1,66,0,0,1,0,363,1,0
0,26,0,0,0,1,239,0,0
1,56,0,0,0,0,267,1,0
1,44,0,0,1,0,267,1,0
1,20,0,0,0,0,142,1,1
1,31,0,0,1,0,118,0,0
1,22,0,0,0,0,58,0,0
0,30,0,0,11,0,74,0,1
1,30,0,0,1,0,258,1,0
0,53,0,0,5,0,346,0,0
1,20,0,0,0,0,5,0,1
1,31,0,0,6,0,363,0,0
1,39,0,0,13,0,49,0,1
1,39,0,0,0,0,267,1,0
1,27,0,0,2,0,52,1,1
1,20,2,0,2,0,158,0,1
1,32,0,0,12,0,267,0,0
1,32,0,0,13,1,239,0,1
0,39,0,0,0,1,117,1,0
1,47,0,0,1,0,158,1,0
0,23,0,0,3,0,363,0,1
0,44,0,0,1,1,117,1,0
1,36,10,0,14,0,49,0,1
1,25,0,0,4,1,35,0,1
1,32,0,0,0,0,320,0,1
1,33,0,0,7,1,358,0,1
1,27,0,0,1,0,158,0,0
1,37,0,0,4,0,118,0,0
1,59,0,0,4,1,35,0,0
0,42,0,0,0,1,35,1,0
1,23,0,0,0,0,142,0,0
1,22,0,0,0,1,201,1,0
0,21,0,0,0,0,158,0,1
0,50,0,0,3,0,267,1,1
1,71,0,0,8,0,118,0,0
1,56,0,0,1,1,35,1,0
1,41,0,0,12,0,251,0,1
1,46,0,0,3,0,136,0,1
1,26,0,0,3,0,17,0,1
1,47,0,0,23,0,229,0,1
1,26,0,0,0,1,76,1,0
1,34,0,1,15,0,267,1,0
1,49,0,0,10,0,158,0,1
1,25,0,0,4,1,239,1,0
0,33,0,0,5,0,267,0,1
0,28,0,0,6,1,343,0,1
1,53,0,0,4,0,267,1,0
1,46,0,0,7,0,154,1,1
1,34,0,0,0,0,118,0,0
1,27,0,0,6,0,363,1,1
1,43,0,0,0,0,363,1,0
1,28,0,0,4,0,42,0,1
1,61,0,0,4,1,21,0,1
1,20,0,0,1,0,62,0,1
